{"symbol": "AMZN", "annualReports": [{"fiscalDateEnding": "2020-12-31", "reportedCurrency": "USD", "investments": "-22242000000", "changeInLiabilities": "23234000000", "cashflowFromInvestment": "-59611000000", "otherCashflowFromInvestment": "2771000000", "netBorrowings": "8972000000", "cashflowFromFinancing": "-1104000000", "otherCashflowFromFinancing": "-10076000000", "changeInOperatingActivities": "5754000000", "netIncome": "21331000000", "changeInCash": "5349000000", "operatingCashflow": "66064000000", "otherOperatingCashflow": "1265000000", "depreciation": "25251000000", "dividendPayout": "None", "stockSaleAndPurchase": "None", "changeInInventory": "-2849000000", "changeInAccountReceivables": "-8169000000", "changeInNetIncome": "6001000000", "capitalExpenditures": "40140000000", "changeInReceivables": "-8169000000", "changeInExchangeRate": "618000000", "changeInCashAndCashEquivalents": "5967000000"}, {"fiscalDateEnding": "2019-12-31", "reportedCurrency": "USD", "investments": "-9131000000", "changeInLiabilities": "6810000000", "cashflowFromInvestment": "-24281000000", "otherCashflowFromInvestment": "1711000000", "netBorrowings": "-411000000", "cashflowFromFinancing": "-10066000000", "otherCashflowFromFinancing": "-9655000000", "changeInOperatingActivities": "-1383000000", "netIncome": "11588000000", "changeInCash": "4167000000", "operatingCashflow": "38514000000", "otherOperatingCashflow": "1711000000", "depreciation": "21789000000", "dividendPayout": "None", "stockSaleAndPurchase": "None", "changeInInventory": "-3278000000", "changeInAccountReceivables": "-7681000000", "changeInNetIncome": "7575000000", "capitalExpenditures": "16861000000", "changeInReceivables": "-7681000000", "changeInExchangeRate": "70000000", "changeInCashAndCashEquivalents": "4237000000"}, {"fiscalDateEnding": "2018-12-31", "reportedCurrency": "USD", "investments": "1140000000", "changeInLiabilities": "3735000000", "cashflowFromInvestment": "-12369000000", "otherCashflowFromInvestment": "-82000000", "netBorrowings": "-7349000000", "cashflowFromFinancing": "-7686000000", "otherCashflowFromFinancing": "-337000000", "changeInOperatingActivities": "472000000", "netIncome": "10073000000", "changeInCash": "10668000000", "operatingCashflow": "30723000000", "otherOperatingCashflow": "1151000000", "depreciation": "15341000000", "dividendPayout": "None", "stockSaleAndPurchase": "None", "changeInInventory": "-1314000000", "changeInAccountReceivables": "-4615000000", "changeInNetIncome": "6352000000", "capitalExpenditures": "13427000000", "changeInReceivables": "-4615000000", "changeInExchangeRate": "-351000000", "changeInCashAndCashEquivalents": "10317000000"}, {"fiscalDateEnding": "2017-12-31", "reportedCurrency": "USD", "investments": "-3789000000", "changeInLiabilities": "8196000000", "cashflowFromInvestment": "-27819000000", "otherCashflowFromInvestment": "-12075000000", "netBorrowings": "10060000000", "cashflowFromFinancing": "9860000000", "otherCashflowFromFinancing": "-200000000", "changeInOperatingActivities": "283000000", "netIncome": "3033000000", "changeInCash": "475000000", "operatingCashflow": "18434000000", "otherOperatingCashflow": "None", "depreciation": "11478000000", "dividendPayout": "0", "stockSaleAndPurchase": "0", "changeInInventory": "-3583000000", "changeInAccountReceivables": "-4786000000", "changeInNetIncome": "4096000000", "capitalExpenditures": "11955000000", "changeInReceivables": "-4786000000", "changeInExchangeRate": "713000000", "changeInCashAndCashEquivalents": "1188000000"}, {"fiscalDateEnding": "2016-12-31", "reportedCurrency": "USD", "investments": "-3023000000", "changeInLiabilities": "18685000000", "cashflowFromInvestment": "-9876000000", "otherCashflowFromInvestment": "-116000000", "netBorrowings": "-3593000000", "cashflowFromFinancing": "-2911000000", "otherCashflowFromFinancing": "682000000", "changeInOperatingActivities": "1724000000", "netIncome": "2371000000", "changeInCash": "3656000000", "operatingCashflow": "16443000000", "otherOperatingCashflow": "None", "depreciation": "-1860000000", "dividendPayout": "0", "stockSaleAndPurchase": "0", "changeInInventory": "-1426000000", "changeInAccountReceivables": "-3367000000", "changeInNetIncome": "2040000000", "capitalExpenditures": "6737000000", "changeInReceivables": "-3367000000", "changeInExchangeRate": "-212000000", "changeInCashAndCashEquivalents": "3444000000"}], "quarterlyReports": [{"fiscalDateEnding": "2020-12-31", "reportedCurrency": "USD", "investments": "-3463000000", "changeInLiabilities": "20378000000", "cashflowFromInvestment": "-17037000000", "otherCashflowFromInvestment": "1249000000", "netBorrowings": "-58000000", "cashflowFromFinancing": "-1816000000", "otherCashflowFromFinancing": "-1758000000", "changeInOperatingActivities": "7127000000", "netIncome": "7222000000", "changeInCash": "11578000000", "operatingCashflow": "30431000000", "otherOperatingCashflow": "333000000", "depreciation": "7618000000", "dividendPayout": "None", "stockSaleAndPurchase": "None", "changeInInventory": "329000000", "changeInAccountReceivables": "-4560000000", "changeInNetIncome": "-888000000", "capitalExpenditures": "14823000000", "changeInReceivables": "-4561000000", "changeInExchangeRate": "597000000", "changeInCashAndCashEquivalents": "12175000000"}, {"fiscalDateEnding": "2020-09-30", "reportedCurrency": "USD", "investments": "-4333000000", "changeInLiabilities": "3346000000", "cashflowFromInvestment": "-15876000000", "otherCashflowFromInvestment": "-480000000", "netBorrowings": "-1236000000", "cashflowFromFinancing": "-4105000000", "otherCashflowFromFinancing": "-2869000000", "changeInOperatingActivities": "-310000000", "netIncome": "6331000000", "changeInCash": "-8017000000", "operatingCashflow": "11964000000", "otherOperatingCashflow": "78000000", "depreciation": "6523000000", "dividendPayout": "None", "stockSaleAndPurchase": "None", "changeInInventory": "-3898000000", "changeInAccountReceivables": "-2016000000", "changeInNetIncome": "1600000000", "capitalExpenditures": "11063000000", "changeInReceivables": "-2016000000", "changeInExchangeRate": "377000000", "changeInCashAndCashEquivalents": "-7640000000"}, {"fiscalDateEnding": "2020-06-30", "reportedCurrency": "USD", "investments": "-11071000000", "changeInLiabilities": "10315000000", "cashflowFromInvestment": "-17804000000", "otherCashflowFromInvestment": "726000000", "netBorrowings": "10240000000", "cashflowFromFinancing": "7408000000", "otherCashflowFromFinancing": "-2832000000", "changeInOperatingActivities": "1699000000", "netIncome": "5243000000", "changeInCash": "10209000000", "operatingCashflow": "20605000000", "otherOperatingCashflow": "247000000", "depreciation": "5748000000", "dividendPayout": "None", "stockSaleAndPurchase": "None", "changeInInventory": "-672000000", "changeInAccountReceivables": "-2854000000", "changeInNetIncome": "2578000000", "capitalExpenditures": "7459000000", "changeInReceivables": "-2854000000", "changeInExchangeRate": "128000000", "changeInCashAndCashEquivalents": "10337000000"}, {"fiscalDateEnding": "2020-03-31", "reportedCurrency": "USD", "investments": "-3375000000", "changeInLiabilities": "-10805000000", "cashflowFromInvestment": "-8894000000", "otherCashflowFromInvestment": "1276000000", "netBorrowings": "26000000", "cashflowFromFinancing": "-2591000000", "otherCashflowFromFinancing": "-2617000000", "changeInOperatingActivities": "-2761000000", "netIncome": "2535000000", "changeInCash": "-8421000000", "operatingCashflow": "3064000000", "otherOperatingCashflow": "607000000", "depreciation": "5362000000", "dividendPayout": "None", "stockSaleAndPurchase": "None", "changeInInventory": "1392000000", "changeInAccountReceivables": "1262000000", "changeInNetIncome": "2711000000", "capitalExpenditures": "6795000000", "changeInReceivables": "1262000000", "changeInExchangeRate": "-484000000", "changeInCashAndCashEquivalents": "-8905000000"}, {"fiscalDateEnding": "2019-12-31", "reportedCurrency": "USD", "investments": "1181000000", "changeInLiabilities": "13577000000", "cashflowFromInvestment": "-3536000000", "otherCashflowFromInvestment": "595000000", "netBorrowings": "-767000000", "cashflowFromFinancing": "-3571000000", "otherCashflowFromFinancing": "-2804000000", "changeInOperatingActivities": "2894000000", "netIncome": "3268000000", "changeInCash": "12552000000", "operatingCashflow": "19659000000", "otherOperatingCashflow": "486000000", "depreciation": "6170000000", "dividendPayout": "None", "stockSaleAndPurchase": "None", "changeInInventory": "-1516000000", "changeInAccountReceivables": "-3905000000", "changeInNetIncome": "1579000000", "capitalExpenditures": "5312000000", "changeInReceivables": "-3905000000", "changeInExchangeRate": "304000000", "changeInCashAndCashEquivalents": "12856000000"}, {"fiscalDateEnding": "2019-09-30", "reportedCurrency": "USD", "investments": "-1289000000", "changeInLiabilities": "-495000000", "cashflowFromInvestment": "-5073000000", "otherCashflowFromInvestment": "913000000", "netBorrowings": "347000000", "cashflowFromFinancing": "-1960000000", "otherCashflowFromFinancing": "-2307000000", "changeInOperatingActivities": "-722000000", "netIncome": "2134000000", "changeInCash": "859000000", "operatingCashflow": "7892000000", "otherOperatingCashflow": "-53000000", "depreciation": "5563000000", "dividendPayout": "None", "stockSaleAndPurchase": "None", "changeInInventory": "-381000000", "changeInAccountReceivables": "-1181000000", "changeInNetIncome": "2306000000", "capitalExpenditures": "4697000000", "changeInReceivables": "-1182000000", "changeInExchangeRate": "-270000000", "changeInCashAndCashEquivalents": "589000000"}, {"fiscalDateEnding": "2019-06-30", "reportedCurrency": "USD", "investments": "-4790000000", "changeInLiabilities": "3044000000", "cashflowFromInvestment": "-7549000000", "otherCashflowFromInvestment": "803000000", "netBorrowings": "170000000", "cashflowFromFinancing": "-2158000000", "otherCashflowFromFinancing": "-2328000000", "changeInOperatingActivities": "-623000000", "netIncome": "2625000000", "changeInCash": "-590000000", "operatingCashflow": "9117000000", "otherOperatingCashflow": "390000000", "depreciation": "5202000000", "dividendPayout": "None", "stockSaleAndPurchase": "None", "changeInInventory": "-2100000000", "changeInAccountReceivables": "-2193000000", "changeInNetIncome": "2149000000", "capitalExpenditures": "3562000000", "changeInReceivables": "-2193000000", "changeInExchangeRate": "48000000", "changeInCashAndCashEquivalents": "-542000000"}, {"fiscalDateEnding": "2019-03-31", "reportedCurrency": "USD", "investments": "-4233000000", "changeInLiabilities": "-9316000000", "cashflowFromInvestment": "-8123000000", "otherCashflowFromInvestment": "-600000000", "netBorrowings": "-161000000", "cashflowFromFinancing": "-2377000000", "otherCashflowFromFinancing": "-2216000000", "changeInOperatingActivities": "-2932000000", "netIncome": "3561000000", "changeInCash": "-8654000000", "operatingCashflow": "1846000000", "otherOperatingCashflow": "888000000", "depreciation": "4854000000", "dividendPayout": "None", "stockSaleAndPurchase": "None", "changeInInventory": "719000000", "changeInAccountReceivables": "-401000000", "changeInNetIncome": "1541000000", "capitalExpenditures": "3290000000", "changeInReceivables": "-401000000", "changeInExchangeRate": "-12000000", "changeInCashAndCashEquivalents": "-8666000000"}, {"fiscalDateEnding": "2018-12-31", "reportedCurrency": "USD", "investments": "-121000000", "changeInLiabilities": "9546000000", "cashflowFromInvestment": "-3572000000", "otherCashflowFromInvestment": "283000000", "netBorrowings": "-1635000000", "cashflowFromFinancing": "-1761000000", "otherCashflowFromFinancing": "-126000000", "changeInOperatingActivities": "2665000000", "netIncome": "3027000000", "changeInCash": "11144000000", "operatingCashflow": "16477000000", "otherOperatingCashflow": "528000000", "depreciation": "4262000000", "dividendPayout": "None", "stockSaleAndPurchase": "None", "changeInInventory": "-1350000000", "changeInAccountReceivables": "-1395000000", "changeInNetIncome": "1859000000", "capitalExpenditures": "3734000000", "changeInReceivables": "-1395000000", "changeInExchangeRate": "-3000000", "changeInCashAndCashEquivalents": "11141000000"}, {"fiscalDateEnding": "2018-09-30", "reportedCurrency": "USD", "investments": "-2069000000", "changeInLiabilities": "3509000000", "cashflowFromInvestment": "-5572000000", "otherCashflowFromInvestment": "-151000000", "netBorrowings": "-2287000000", "cashflowFromFinancing": "-2369000000", "otherCashflowFromFinancing": "-82000000", "changeInOperatingActivities": "237000000", "netIncome": "2883000000", "changeInCash": "647000000", "operatingCashflow": "8588000000", "otherOperatingCashflow": "623000000", "depreciation": "3778000000", "dividendPayout": "0", "stockSaleAndPurchase": "0", "changeInInventory": "-1094000000", "changeInAccountReceivables": "-2884000000", "changeInNetIncome": "1773000000", "capitalExpenditures": "3352000000", "changeInReceivables": "-2884000000", "changeInExchangeRate": "-151000000", "changeInCashAndCashEquivalents": "496000000"}, {"fiscalDateEnding": "2018-06-30", "reportedCurrency": "USD", "investments": "1123000000", "changeInLiabilities": "2215000000", "cashflowFromInvestment": "-2692000000", "otherCashflowFromInvestment": "-572000000", "netBorrowings": "-1335000000", "cashflowFromFinancing": "-1392000000", "otherCashflowFromFinancing": "-57000000", "changeInOperatingActivities": "-205000000", "netIncome": "2534000000", "changeInCash": "3365000000", "operatingCashflow": "7449000000", "otherOperatingCashflow": "None", "depreciation": "3630000000", "dividendPayout": "0", "stockSaleAndPurchase": "0", "changeInInventory": "-1090000000", "changeInAccountReceivables": "-1364000000", "changeInNetIncome": "1525000000", "capitalExpenditures": "3243000000", "changeInReceivables": "-1365000000", "changeInExchangeRate": "-445000000", "changeInCashAndCashEquivalents": "2920000000"}, {"fiscalDateEnding": "2018-03-31", "reportedCurrency": "USD", "investments": "2207000000", "changeInLiabilities": "-11535000000", "cashflowFromInvestment": "-533000000", "otherCashflowFromInvestment": "358000000", "netBorrowings": "-2092000000", "cashflowFromFinancing": "-2164000000", "otherCashflowFromFinancing": "-72000000", "changeInOperatingActivities": "-2225000000", "netIncome": "1629000000", "changeInCash": "-4488000000", "operatingCashflow": "-1791000000", "otherOperatingCashflow": "None", "depreciation": "3671000000", "dividendPayout": "0", "stockSaleAndPurchase": "0", "changeInInventory": "2220000000", "changeInAccountReceivables": "1029000000", "changeInNetIncome": "1195000000", "capitalExpenditures": "3098000000", "changeInReceivables": "1029000000", "changeInExchangeRate": "248000000", "changeInCashAndCashEquivalents": "-4240000000"}, {"fiscalDateEnding": "2017-12-31", "reportedCurrency": "USD", "investments": "1085000000", "changeInLiabilities": "843000000", "cashflowFromInvestment": "-2032000000", "otherCashflowFromInvestment": "1816000000", "netBorrowings": "-2581000000", "cashflowFromFinancing": "-2647000000", "otherCashflowFromFinancing": "-66000000", "changeInOperatingActivities": "283000000", "netIncome": "1857000000", "changeInCash": "7665000000", "operatingCashflow": "12344000000", "otherOperatingCashflow": "None", "depreciation": "13757000000", "dividendPayout": "0", "stockSaleAndPurchase": "0", "changeInInventory": "-2255000000", "changeInAccountReceivables": "-4780000000", "changeInNetIncome": "923000000", "capitalExpenditures": "4933000000", "changeInReceivables": "-2781000000", "changeInExchangeRate": "90000000", "changeInCashAndCashEquivalents": "7755000000"}, {"fiscalDateEnding": "2017-09-30", "reportedCurrency": "USD", "investments": "-3247000000", "changeInLiabilities": "6687000000", "cashflowFromInvestment": "-19120000000", "otherCashflowFromInvestment": "-13213000000", "netBorrowings": "14733000000", "cashflowFromFinancing": "14684000000", "otherCashflowFromFinancing": "-49000000", "changeInOperatingActivities": "-122000000", "netIncome": "255000000", "changeInCash": "-585000000", "operatingCashflow": "3851000000", "otherOperatingCashflow": "None", "depreciation": "-666000000", "dividendPayout": "0", "stockSaleAndPurchase": "0", "changeInInventory": "-1593000000", "changeInAccountReceivables": "0", "changeInNetIncome": "925000000", "capitalExpenditures": "2660000000", "changeInReceivables": "-1757000000", "changeInExchangeRate": "149000000", "changeInCashAndCashEquivalents": "-436000000"}, {"fiscalDateEnding": "2017-06-30", "reportedCurrency": "USD", "investments": "-1917000000", "changeInLiabilities": "4881000000", "cashflowFromInvestment": "-5051000000", "otherCashflowFromInvestment": "-633000000", "netBorrowings": "-1178000000", "cashflowFromFinancing": "-1263000000", "otherCashflowFromFinancing": "-85000000", "changeInOperatingActivities": "-252000000", "netIncome": "197000000", "changeInCash": "-2485000000", "operatingCashflow": "3829000000", "otherOperatingCashflow": "None", "depreciation": "-801000000", "dividendPayout": "0", "stockSaleAndPurchase": "0", "changeInInventory": "-682000000", "changeInAccountReceivables": "0", "changeInNetIncome": "1476000000", "capitalExpenditures": "2501000000", "changeInReceivables": "-1242000000", "changeInExchangeRate": "248000000", "changeInCashAndCashEquivalents": "-2237000000"}, {"fiscalDateEnding": "2017-03-31", "reportedCurrency": "USD", "investments": "290000000", "changeInLiabilities": "-4215000000", "cashflowFromInvestment": "-1616000000", "otherCashflowFromInvestment": "-45000000", "netBorrowings": "-914000000", "cashflowFromFinancing": "-914000000", "otherCashflowFromFinancing": "None", "changeInOperatingActivities": "-3247000000", "netIncome": "724000000", "changeInCash": "-4120000000", "operatingCashflow": "-1590000000", "otherOperatingCashflow": "None", "depreciation": "-812000000", "dividendPayout": "0", "stockSaleAndPurchase": "0", "changeInInventory": "947000000", "changeInAccountReceivables": "0", "changeInNetIncome": "772000000", "capitalExpenditures": "1861000000", "changeInReceivables": "994000000", "changeInExchangeRate": "226000000", "changeInCashAndCashEquivalents": "-3894000000"}, {"fiscalDateEnding": "2016-12-31", "reportedCurrency": "USD", "investments": "-2165000000", "changeInLiabilities": "13512000000", "cashflowFromInvestment": "-4174000000", "otherCashflowFromInvestment": "-3000000", "netBorrowings": "-445000000", "cashflowFromFinancing": "-256000000", "otherCashflowFromFinancing": "189000000", "changeInOperatingActivities": "1724000000", "netIncome": "749000000", "changeInCash": "6222000000", "operatingCashflow": "10652000000", "otherOperatingCashflow": "None", "depreciation": "-964000000", "dividendPayout": "0", "stockSaleAndPurchase": "0", "changeInInventory": "-1043000000", "changeInAccountReceivables": "-3436000000", "changeInNetIncome": "322000000", "capitalExpenditures": "2006000000", "changeInReceivables": "-1924000000", "changeInExchangeRate": "-544000000", "changeInCashAndCashEquivalents": "5678000000"}, {"fiscalDateEnding": "2016-09-30", "reportedCurrency": "USD", "investments": "-646000000", "changeInLiabilities": "5784000000", "cashflowFromInvestment": "-2570000000", "otherCashflowFromInvestment": "-83000000", "netBorrowings": "-1000000000", "cashflowFromFinancing": "-827000000", "otherCashflowFromFinancing": "173000000", "changeInOperatingActivities": "-2397000000", "netIncome": "252000000", "changeInCash": "1089000000", "operatingCashflow": "4486000000", "otherOperatingCashflow": "None", "depreciation": "-314000000", "dividendPayout": "0", "stockSaleAndPurchase": "0", "changeInInventory": "-1095000000", "changeInAccountReceivables": "0", "changeInNetIncome": "530000000", "capitalExpenditures": "1841000000", "changeInReceivables": "-671000000", "changeInExchangeRate": "46000000", "changeInCashAndCashEquivalents": "1135000000"}, {"fiscalDateEnding": "2016-06-30", "reportedCurrency": "USD", "investments": "-714000000", "changeInLiabilities": "3301000000", "cashflowFromInvestment": "-2439000000", "otherCashflowFromInvestment": "-14000000", "netBorrowings": "-1152000000", "cashflowFromFinancing": "-1039000000", "otherCashflowFromFinancing": "113000000", "changeInOperatingActivities": "-2208000000", "netIncome": "857000000", "changeInCash": "-13000000", "operatingCashflow": "3465000000", "otherOperatingCashflow": "None", "depreciation": "-299000000", "dividendPayout": "0", "stockSaleAndPurchase": "0", "changeInInventory": "-57000000", "changeInAccountReceivables": "0", "changeInNetIncome": "847000000", "capitalExpenditures": "1711000000", "changeInReceivables": "-1184000000", "changeInExchangeRate": "64000000", "changeInCashAndCashEquivalents": "51000000"}, {"fiscalDateEnding": "2016-03-31", "reportedCurrency": "USD", "investments": "502000000", "changeInLiabilities": "-3912000000", "cashflowFromInvestment": "-693000000", "otherCashflowFromInvestment": "-16000000", "netBorrowings": "-996000000", "cashflowFromFinancing": "-789000000", "otherCashflowFromFinancing": "207000000", "changeInOperatingActivities": "None", "netIncome": "513000000", "changeInCash": "-3642000000", "operatingCashflow": "-2160000000", "otherOperatingCashflow": "None", "depreciation": "-283000000", "dividendPayout": "0", "stockSaleAndPurchase": "0", "changeInInventory": "769000000", "changeInAccountReceivables": "0", "changeInNetIncome": "341000000", "capitalExpenditures": "1179000000", "changeInReceivables": "412000000", "changeInExchangeRate": "222000000", "changeInCashAndCashEquivalents": "-3420000000"}, {"fiscalDateEnding": "2015-12-31", "reportedCurrency": "USD", "investments": "-224000000", "changeInLiabilities": "10400000000", "cashflowFromInvestment": "-1850000000", "otherCashflowFromInvestment": "-317000000", "netBorrowings": "-1476000000", "cashflowFromFinancing": "-1690000000", "otherCashflowFromFinancing": "-214000000", "changeInOperatingActivities": "913000000", "netIncome": "482000000", "changeInCash": "5272000000", "operatingCashflow": "8812000000", "otherOperatingCashflow": "None", "depreciation": "-552000000", "dividendPayout": "0", "stockSaleAndPurchase": "0", "changeInInventory": "-1343000000", "changeInAccountReceivables": "-1755000000", "changeInNetIncome": "1003000000", "capitalExpenditures": "1309000000", "changeInReceivables": "-1178000000", "changeInExchangeRate": "-91000000", "changeInCashAndCashEquivalents": "5181000000"}]}