{"symbol": "AAPL", "annualReports": [{"fiscalDateEnding": "2020-09-30", "reportedCurrency": "USD", "investments": "5335000000", "changeInLiabilities": "4854000000", "cashflowFromInvestment": "-4289000000", "otherCashflowFromInvestment": "-2315000000", "netBorrowings": "2499000000", "cashflowFromFinancing": "-86820000000", "otherCashflowFromFinancing": "-3760000000", "changeInOperatingActivities": "881000000", "netIncome": "57411000000", "changeInCash": "-10435000000", "operatingCashflow": "80674000000", "otherOperatingCashflow": "-7507000000", "depreciation": "11056000000", "dividendPayout": "-14081000000", "stockSaleAndPurchase": "-71478000000", "changeInInventory": "-127000000", "changeInAccountReceivables": "6917000000", "changeInNetIncome": "6517000000", "capitalExpenditures": "7309000000", "changeInReceivables": "8470000000", "changeInExchangeRate": "None", "changeInCashAndCashEquivalents": "-10435000000"}, {"fiscalDateEnding": "2019-09-30", "reportedCurrency": "USD", "investments": "58093000000", "changeInLiabilities": "-6623000000", "cashflowFromInvestment": "45896000000", "otherCashflowFromInvestment": "-1702000000", "netBorrowings": "-7819000000", "cashflowFromFinancing": "-90976000000", "otherCashflowFromFinancing": "-2922000000", "changeInOperatingActivities": "-896000000", "netIncome": "55256000000", "changeInCash": "24311000000", "operatingCashflow": "69391000000", "otherOperatingCashflow": "248000000", "depreciation": "12547000000", "dividendPayout": "-14119000000", "stockSaleAndPurchase": "-66116000000", "changeInInventory": "-289000000", "changeInAccountReceivables": "245000000", "changeInNetIncome": "5076000000", "capitalExpenditures": "10495000000", "changeInReceivables": "3176000000", "changeInExchangeRate": "None", "changeInCashAndCashEquivalents": "24311000000"}, {"fiscalDateEnding": "2018-09-30", "reportedCurrency": "USD", "investments": "30845000000", "changeInLiabilities": "47621000000", "cashflowFromInvestment": "16066000000", "otherCashflowFromInvestment": "-1466000000", "netBorrowings": "432000000", "cashflowFromFinancing": "-87876000000", "otherCashflowFromFinancing": "-2527000000", "changeInOperatingActivities": "30016000000", "netIncome": "59531000000", "changeInCash": "5624000000", "operatingCashflow": "77434000000", "otherOperatingCashflow": "-423000000", "depreciation": "10903000000", "dividendPayout": "-13712000000", "stockSaleAndPurchase": "-72069000000", "changeInInventory": "828000000", "changeInAccountReceivables": "-5322000000", "changeInNetIncome": "-27694000000", "capitalExpenditures": "13313000000", "changeInReceivables": "-13332000000", "changeInExchangeRate": "None", "changeInCashAndCashEquivalents": "5624000000"}, {"fiscalDateEnding": "2017-09-30", "reportedCurrency": "USD", "investments": "-33542000000", "changeInLiabilities": "8838000000", "cashflowFromInvestment": "-46446000000", "otherCashflowFromInvestment": "-453000000", "netBorrowings": "29014000000", "cashflowFromFinancing": "-17347000000", "otherCashflowFromFinancing": "-1247000000", "changeInOperatingActivities": "-8480000000", "netIncome": "48351000000", "changeInCash": "-195000000", "operatingCashflow": "63598000000", "otherOperatingCashflow": "-5318000000", "depreciation": "10157000000", "dividendPayout": "-12769000000", "stockSaleAndPurchase": "-32345000000", "changeInInventory": "-2723000000", "changeInAccountReceivables": "-2093000000", "changeInNetIncome": "10640000000", "capitalExpenditures": "12451000000", "changeInReceivables": "-6347000000", "changeInExchangeRate": "None", "changeInCashAndCashEquivalents": "-195000000"}, {"fiscalDateEnding": "2016-09-30", "reportedCurrency": "USD", "investments": "-32022000000", "changeInLiabilities": "-1867000000", "cashflowFromInvestment": "-45977000000", "otherCashflowFromInvestment": "-1221000000", "netBorrowings": "22057000000", "cashflowFromFinancing": "-20483000000", "otherCashflowFromFinancing": "-1163000000", "changeInOperatingActivities": "-902000000", "netIncome": "45687000000", "changeInCash": "-636000000", "operatingCashflow": "65824000000", "otherOperatingCashflow": "1090000000", "depreciation": "10505000000", "dividendPayout": "-12150000000", "stockSaleAndPurchase": "-29227000000", "changeInInventory": "217000000", "changeInAccountReceivables": "1095000000", "changeInNetIncome": "9148000000", "capitalExpenditures": "12734000000", "changeInReceivables": "1044000000", "changeInExchangeRate": "None", "changeInCashAndCashEquivalents": "-636000000"}], "quarterlyReports": [{"fiscalDateEnding": "2020-12-31", "reportedCurrency": "USD", "investments": "-5279000000", "changeInLiabilities": "29629000000", "cashflowFromInvestment": "-8584000000", "otherCashflowFromInvestment": "195000000", "netBorrowings": "-978000000", "cashflowFromFinancing": "-32249000000", "otherCashflowFromFinancing": "-2883000000", "changeInOperatingActivities": "-5761000000", "netIncome": "28755000000", "changeInCash": "-2070000000", "operatingCashflow": "38763000000", "otherOperatingCashflow": "-2185000000", "depreciation": "2666000000", "dividendPayout": "-3613000000", "stockSaleAndPurchase": "-24775000000", "changeInInventory": "-950000000", "changeInAccountReceivables": "-10945000000", "changeInNetIncome": "1987000000", "capitalExpenditures": "3500000000", "changeInReceivables": "-21139000000", "changeInExchangeRate": "None", "changeInCashAndCashEquivalents": "-2070000000"}, {"fiscalDateEnding": "2020-09-30", "reportedCurrency": "USD", "investments": "7468000000", "changeInLiabilities": "11774000000", "cashflowFromInvestment": "5531000000", "otherCashflowFromInvestment": "-153000000", "netBorrowings": "-703000000", "cashflowFromFinancing": "-21357000000", "otherCashflowFromFinancing": "-406000000", "changeInOperatingActivities": "-4911000000", "netIncome": "12673000000", "changeInCash": "4750000000", "operatingCashflow": "20576000000", "otherOperatingCashflow": "-2396000000", "depreciation": "2702000000", "dividendPayout": "-3511000000", "stockSaleAndPurchase": "-16737000000", "changeInInventory": "-137000000", "changeInAccountReceivables": "1768000000", "changeInNetIncome": "1324000000", "capitalExpenditures": "1784000000", "changeInReceivables": "-5364000000", "changeInExchangeRate": "None", "changeInCashAndCashEquivalents": "4750000000"}, {"fiscalDateEnding": "2020-06-30", "reportedCurrency": "USD", "investments": "-2998000000", "changeInLiabilities": "-900000000", "cashflowFromInvestment": "-5165000000", "otherCashflowFromInvestment": "-602000000", "netBorrowings": "2168000000", "cashflowFromFinancing": "-19116000000", "otherCashflowFromFinancing": "-1737000000", "changeInOperatingActivities": "-765000000", "netIncome": "11253000000", "changeInCash": "-8010000000", "operatingCashflow": "16271000000", "otherOperatingCashflow": "2532000000", "depreciation": "2752000000", "dividendPayout": "-3656000000", "stockSaleAndPurchase": "-15891000000", "changeInInventory": "-689000000", "changeInAccountReceivables": "-2135000000", "changeInNetIncome": "2696000000", "capitalExpenditures": "1565000000", "changeInReceivables": "-1373000000", "changeInExchangeRate": "None", "changeInCashAndCashEquivalents": "-8010000000"}, {"fiscalDateEnding": "2020-03-31", "reportedCurrency": "USD", "investments": "11338000000", "changeInLiabilities": "-10445000000", "cashflowFromInvestment": "9013000000", "otherCashflowFromInvestment": "-472000000", "netBorrowings": "803000000", "cashflowFromFinancing": "-20940000000", "otherCashflowFromFinancing": "-222000000", "changeInOperatingActivities": "4195000000", "netIncome": "11249000000", "changeInCash": "1384000000", "operatingCashflow": "13311000000", "otherOperatingCashflow": "-1574000000", "depreciation": "2786000000", "dividendPayout": "-3375000000", "stockSaleAndPurchase": "-18146000000", "changeInInventory": "727000000", "changeInAccountReceivables": "5269000000", "changeInNetIncome": "1278000000", "capitalExpenditures": "1853000000", "changeInReceivables": "9290000000", "changeInExchangeRate": "None", "changeInCashAndCashEquivalents": "1384000000"}, {"fiscalDateEnding": "2019-12-31", "reportedCurrency": "USD", "investments": "-10473000000", "changeInLiabilities": "4425000000", "cashflowFromInvestment": "-13668000000", "otherCashflowFromInvestment": "-1088000000", "netBorrowings": "231000000", "cashflowFromFinancing": "-25407000000", "otherCashflowFromFinancing": "-1395000000", "changeInOperatingActivities": "2362000000", "netIncome": "22236000000", "changeInCash": "-8559000000", "operatingCashflow": "30516000000", "otherOperatingCashflow": "-6069000000", "depreciation": "2816000000", "dividendPayout": "-3539000000", "stockSaleAndPurchase": "-20704000000", "changeInInventory": "-28000000", "changeInAccountReceivables": "2015000000", "changeInNetIncome": "1219000000", "capitalExpenditures": "2107000000", "changeInReceivables": "5917000000", "changeInExchangeRate": "None", "changeInCashAndCashEquivalents": "-8559000000"}, {"fiscalDateEnding": "2019-09-30", "reportedCurrency": "USD", "investments": "2802000000", "changeInLiabilities": "21934000000", "cashflowFromInvestment": "-798000000", "otherCashflowFromInvestment": "-823000000", "netBorrowings": "-293000000", "cashflowFromFinancing": "-21039000000", "otherCashflowFromFinancing": "-213000000", "changeInOperatingActivities": "-6319000000", "netIncome": "13686000000", "changeInCash": "-1927000000", "operatingCashflow": "19910000000", "otherOperatingCashflow": "331000000", "depreciation": "3179000000", "dividendPayout": "-3479000000", "stockSaleAndPurchase": "-17054000000", "changeInInventory": "-785000000", "changeInAccountReceivables": "-8768000000", "changeInNetIncome": "885000000", "capitalExpenditures": "2777000000", "changeInReceivables": "-19320000000", "changeInExchangeRate": "None", "changeInCashAndCashEquivalents": "-1927000000"}, {"fiscalDateEnding": "2019-06-30", "reportedCurrency": "USD", "investments": "30120000000", "changeInLiabilities": "-5260000000", "cashflowFromInvestment": "27502000000", "otherCashflowFromInvestment": "-618000000", "netBorrowings": "-5026000000", "cashflowFromFinancing": "-26804000000", "otherCashflowFromFinancing": "-1195000000", "changeInOperatingActivities": "-5203000000", "netIncome": "10044000000", "changeInCash": "12334000000", "operatingCashflow": "11636000000", "otherOperatingCashflow": "1174000000", "depreciation": "2933000000", "dividendPayout": "-3629000000", "stockSaleAndPurchase": "-16954000000", "changeInInventory": "1502000000", "changeInAccountReceivables": "919000000", "changeInNetIncome": "1457000000", "capitalExpenditures": "2000000000", "changeInReceivables": "-214000000", "changeInExchangeRate": "None", "changeInCashAndCashEquivalents": "12334000000"}, {"fiscalDateEnding": "2019-03-31", "reportedCurrency": "USD", "investments": "15749000000", "changeInLiabilities": "-15366000000", "cashflowFromInvestment": "13348000000", "otherCashflowFromInvestment": "-38000000", "netBorrowings": "-2506000000", "cashflowFromFinancing": "-29457000000", "otherCashflowFromFinancing": "-196000000", "changeInOperatingActivities": "4037000000", "netIncome": "11561000000", "changeInCash": "-4954000000", "operatingCashflow": "11155000000", "otherOperatingCashflow": "-1000000", "depreciation": "3040000000", "dividendPayout": "-3443000000", "stockSaleAndPurchase": "-23312000000", "changeInInventory": "70000000", "changeInAccountReceivables": "2964000000", "changeInNetIncome": "1176000000", "capitalExpenditures": "2363000000", "changeInReceivables": "10675000000", "changeInExchangeRate": "None", "changeInCashAndCashEquivalents": "-4954000000"}, {"fiscalDateEnding": "2018-12-31", "reportedCurrency": "USD", "investments": "9422000000", "changeInLiabilities": "-7931000000", "cashflowFromInvestment": "5844000000", "otherCashflowFromInvestment": "-223000000", "netBorrowings": "6000000", "cashflowFromFinancing": "-13676000000", "otherCashflowFromFinancing": "-1318000000", "changeInOperatingActivities": "6589000000", "netIncome": "19965000000", "changeInCash": "18858000000", "operatingCashflow": "26690000000", "otherOperatingCashflow": "-1256000000", "depreciation": "3395000000", "dividendPayout": "-3568000000", "stockSaleAndPurchase": "-8796000000", "changeInInventory": "-1076000000", "changeInAccountReceivables": "5130000000", "changeInNetIncome": "1558000000", "capitalExpenditures": "3355000000", "changeInReceivables": "12035000000", "changeInExchangeRate": "None", "changeInCashAndCashEquivalents": "18858000000"}, {"fiscalDateEnding": "2018-09-30", "reportedCurrency": "USD", "investments": "552000000", "changeInLiabilities": "21854000000", "cashflowFromInvestment": "-3001000000", "otherCashflowFromInvestment": "-512000000", "netBorrowings": "-27000000", "cashflowFromFinancing": "-22580000000", "otherCashflowFromFinancing": "-260000000", "changeInOperatingActivities": "-12423000000", "netIncome": "14125000000", "changeInCash": "-6058000000", "operatingCashflow": "19523000000", "otherOperatingCashflow": "-358000000", "depreciation": "2754000000", "dividendPayout": "-3530000000", "stockSaleAndPurchase": "-18763000000", "changeInInventory": "1942000000", "changeInAccountReceivables": "-9078000000", "changeInNetIncome": "1830000000", "capitalExpenditures": "3041000000", "changeInReceivables": "-22624000000", "changeInExchangeRate": "None", "changeInCashAndCashEquivalents": "-6058000000"}, {"fiscalDateEnding": "2018-06-30", "reportedCurrency": "USD", "investments": "7916000000", "changeInLiabilities": "-649000000", "cashflowFromInvestment": "3947000000", "otherCashflowFromInvestment": "-702000000", "netBorrowings": "-6011000000", "cashflowFromFinancing": "-31523000000", "otherCashflowFromFinancing": "-1077000000", "changeInOperatingActivities": "-5340000000", "netIncome": "11519000000", "changeInCash": "-13088000000", "operatingCashflow": "14488000000", "otherOperatingCashflow": "988000000", "depreciation": "2665000000", "dividendPayout": "-3653000000", "stockSaleAndPurchase": "-20782000000", "changeInInventory": "1693000000", "changeInAccountReceivables": "233000000", "changeInNetIncome": "2218000000", "capitalExpenditures": "3267000000", "changeInReceivables": "-3946000000", "changeInExchangeRate": "None", "changeInCashAndCashEquivalents": "-13088000000"}, {"fiscalDateEnding": "2018-03-31", "reportedCurrency": "USD", "investments": "32894000000", "changeInLiabilities": "-26512000000", "cashflowFromInvestment": "28710000000", "otherCashflowFromInvestment": "11000000", "netBorrowings": "-501000000", "cashflowFromFinancing": "-26272000000", "otherCashflowFromFinancing": "-152000000", "changeInOperatingActivities": "20128000000", "netIncome": "13822000000", "changeInCash": "17568000000", "operatingCashflow": "15130000000", "otherOperatingCashflow": "-856000000", "depreciation": "2739000000", "dividendPayout": "-3190000000", "stockSaleAndPurchase": "-22429000000", "changeInInventory": "-3241000000", "changeInAccountReceivables": "9093000000", "changeInNetIncome": "710000000", "capitalExpenditures": "4195000000", "changeInReceivables": "28468000000", "changeInExchangeRate": "None", "changeInCashAndCashEquivalents": "17568000000"}, {"fiscalDateEnding": "2017-12-31", "reportedCurrency": "USD", "investments": "-10517000000", "changeInLiabilities": "52928000000", "cashflowFromInvestment": "-13590000000", "otherCashflowFromInvestment": "-263000000", "netBorrowings": "6971000000", "cashflowFromFinancing": "-7501000000", "otherCashflowFromFinancing": "-1038000000", "changeInOperatingActivities": "27692000000", "netIncome": "20065000000", "changeInCash": "7202000000", "operatingCashflow": "28293000000", "otherOperatingCashflow": "-197000000", "depreciation": "2745000000", "dividendPayout": "-3339000000", "stockSaleAndPurchase": "-10095000000", "changeInInventory": "434000000", "changeInAccountReceivables": "-5570000000", "changeInNetIncome": "-32452000000", "capitalExpenditures": "2810000000", "changeInReceivables": "-15230000000", "changeInExchangeRate": "None", "changeInCashAndCashEquivalents": "7202000000"}, {"fiscalDateEnding": "2017-09-30", "reportedCurrency": "USD", "investments": "-5768000000", "changeInLiabilities": "16944000000", "cashflowFromInvestment": "-9942000000", "otherCashflowFromInvestment": "-309000000", "netBorrowings": "6923000000", "cashflowFromFinancing": "-3996000000", "otherCashflowFromFinancing": "-135000000", "changeInOperatingActivities": "-8447000000", "netIncome": "10714000000", "changeInCash": "1718000000", "operatingCashflow": "15656000000", "otherOperatingCashflow": "-2089000000", "depreciation": "2484000000", "dividendPayout": "-3270000000", "stockSaleAndPurchase": "-7514000000", "changeInInventory": "-1709000000", "changeInAccountReceivables": "-2093000000", "changeInNetIncome": "2352000000", "capitalExpenditures": "3865000000", "changeInReceivables": "-13040000000", "changeInExchangeRate": "None", "changeInCashAndCashEquivalents": "1718000000"}, {"fiscalDateEnding": "2017-06-30", "reportedCurrency": "USD", "investments": "-836000000", "changeInLiabilities": "-1339000000", "cashflowFromInvestment": "-3180000000", "otherCashflowFromInvestment": "-67000000", "netBorrowings": "9237000000", "cashflowFromFinancing": "-1769000000", "otherCashflowFromFinancing": "-549000000", "changeInOperatingActivities": "-6325000000", "netIncome": "8717000000", "changeInCash": "3414000000", "operatingCashflow": "8363000000", "otherOperatingCashflow": "-2333000000", "depreciation": "2354000000", "dividendPayout": "-3365000000", "stockSaleAndPurchase": "-7092000000", "changeInInventory": "-236000000", "changeInAccountReceivables": "6693000000", "changeInNetIncome": "3202000000", "capitalExpenditures": "2277000000", "changeInReceivables": "-2002000000", "changeInExchangeRate": "None", "changeInCashAndCashEquivalents": "3414000000"}, {"fiscalDateEnding": "2017-03-31", "reportedCurrency": "USD", "investments": "-11357000000", "changeInLiabilities": "-11215000000", "cashflowFromInvestment": "-14202000000", "otherCashflowFromInvestment": "130000000", "netBorrowings": "10469000000", "cashflowFromFinancing": "465000000", "otherCashflowFromFinancing": "-112000000", "changeInOperatingActivities": "550000000", "netIncome": "11029000000", "changeInCash": "-1214000000", "operatingCashflow": "12523000000", "otherOperatingCashflow": "550000000", "depreciation": "2332000000", "dividendPayout": "-3004000000", "stockSaleAndPurchase": "-6888000000", "changeInInventory": "-198000000", "changeInAccountReceivables": "8695000000", "changeInNetIncome": "2652000000", "capitalExpenditures": "2975000000", "changeInReceivables": "7373000000", "changeInExchangeRate": "None", "changeInCashAndCashEquivalents": "-1214000000"}, {"fiscalDateEnding": "2016-12-31", "reportedCurrency": "USD", "investments": "-15581000000", "changeInLiabilities": "4448000000", "cashflowFromInvestment": "-19122000000", "otherCashflowFromInvestment": "-207000000", "netBorrowings": "2385000000", "cashflowFromFinancing": "-12047000000", "otherCashflowFromFinancing": "-451000000", "changeInOperatingActivities": "-1446000000", "netIncome": "17891000000", "changeInCash": "-4113000000", "operatingCashflow": "27056000000", "otherOperatingCashflow": "-1446000000", "depreciation": "2987000000", "dividendPayout": "-3130000000", "stockSaleAndPurchase": "-10851000000", "changeInInventory": "-580000000", "changeInAccountReceivables": "1322000000", "changeInNetIncome": "2434000000", "capitalExpenditures": "3334000000", "changeInReceivables": "1322000000", "changeInExchangeRate": "None", "changeInCashAndCashEquivalents": "-4113000000"}, {"fiscalDateEnding": "2016-09-30", "reportedCurrency": "USD", "investments": "-3419000000", "changeInLiabilities": "14398000000", "cashflowFromInvestment": "-7397000000", "otherCashflowFromInvestment": "-1000000", "netBorrowings": "2581000000", "cashflowFromFinancing": "-6482000000", "otherCashflowFromFinancing": "-193000000", "changeInOperatingActivities": "-902000000", "netIncome": "9014000000", "changeInCash": "2247000000", "operatingCashflow": "16126000000", "otherOperatingCashflow": "-53000000", "depreciation": "2548000000", "dividendPayout": "-3092000000", "stockSaleAndPurchase": "-5778000000", "changeInInventory": "-301000000", "changeInAccountReceivables": "1044000000", "changeInNetIncome": "777000000", "capitalExpenditures": "3977000000", "changeInReceivables": "-10257000000", "changeInExchangeRate": "None", "changeInCashAndCashEquivalents": "2247000000"}, {"fiscalDateEnding": "2016-06-30", "reportedCurrency": "USD", "investments": "-1560000000", "changeInLiabilities": "-4916000000", "cashflowFromInvestment": "-4470000000", "otherCashflowFromInvestment": "-101000000", "netBorrowings": "4395000000", "cashflowFromFinancing": "-9441000000", "otherCashflowFromFinancing": "-483000000", "changeInOperatingActivities": "957000000", "netIncome": "7796000000", "changeInCash": "-3277000000", "operatingCashflow": "10634000000", "otherOperatingCashflow": "-5056000000", "depreciation": "2526000000", "dividendPayout": "-3187000000", "stockSaleAndPurchase": "-10166000000", "changeInInventory": "450000000", "changeInAccountReceivables": "11301000000", "changeInNetIncome": "3153000000", "capitalExpenditures": "2809000000", "changeInReceivables": "6681000000", "changeInExchangeRate": "None", "changeInCashAndCashEquivalents": "-3277000000"}, {"fiscalDateEnding": "2016-03-31", "reportedCurrency": "USD", "investments": "-10983000000", "changeInLiabilities": "-10100000000", "cashflowFromInvestment": "-13660000000", "otherCashflowFromInvestment": "-341000000", "netBorrowings": "16321000000", "cashflowFromFinancing": "6884000000", "otherCashflowFromFinancing": "-114000000", "changeInOperatingActivities": "1358000000", "netIncome": "10516000000", "changeInCash": "4825000000", "operatingCashflow": "11601000000", "otherOperatingCashflow": "5266000000", "depreciation": "2477000000", "dividendPayout": "-2902000000", "stockSaleAndPurchase": "-6421000000", "changeInInventory": "170000000", "changeInAccountReceivables": "10519000000", "changeInNetIncome": "2548000000", "capitalExpenditures": "2336000000", "changeInReceivables": "724000000", "changeInExchangeRate": "None", "changeInCashAndCashEquivalents": "4825000000"}, {"fiscalDateEnding": "2015-12-31", "reportedCurrency": "USD", "investments": "-16060000000", "changeInLiabilities": "-1249000000", "cashflowFromInvestment": "-20450000000", "otherCashflowFromInvestment": "-778000000", "netBorrowings": "-1240000000", "cashflowFromFinancing": "-11444000000", "otherCashflowFromFinancing": "-373000000", "changeInOperatingActivities": "None", "netIncome": "18361000000", "changeInCash": "-4431000000", "operatingCashflow": "27463000000", "otherOperatingCashflow": "933000000", "depreciation": "2954000000", "dividendPayout": "-2969000000", "stockSaleAndPurchase": "-6862000000", "changeInInventory": "-102000000", "changeInAccountReceivables": "5722000000", "changeInNetIncome": "2670000000", "capitalExpenditures": "3612000000", "changeInReceivables": "3896000000", "changeInExchangeRate": "None", "changeInCashAndCashEquivalents": "-4431000000"}]}