{"symbol": "FB", "annualReports": [{"fiscalDateEnding": "2020-12-31", "reportedCurrency": "USD", "investments": "-8159000000", "changeInLiabilities": "-1420000000", "cashflowFromInvestment": "-30059000000", "otherCashflowFromInvestment": "-6785000000", "netBorrowings": "24000000", "cashflowFromFinancing": "-10292000000", "otherCashflowFromFinancing": "-4044000000", "changeInOperatingActivities": "-1302000000", "netIncome": "29146000000", "changeInCash": "-1604000000", "operatingCashflow": "38747000000", "otherOperatingCashflow": "209000000", "depreciation": "6862000000", "dividendPayout": "None", "stockSaleAndPurchase": "-6272000000", "changeInInventory": "None", "changeInAccountReceivables": "-1512000000", "changeInNetIncome": "5462000000", "capitalExpenditures": "15115000000", "changeInReceivables": "-1512000000", "changeInExchangeRate": "None", "changeInCashAndCashEquivalents": "-1604000000"}, {"fiscalDateEnding": "2019-12-31", "reportedCurrency": "USD", "investments": "-4193000000", "changeInLiabilities": "9000000000", "cashflowFromInvestment": "-19864000000", "otherCashflowFromInvestment": "-569000000", "netBorrowings": "-223000000", "cashflowFromFinancing": "-7299000000", "otherCashflowFromFinancing": "-2874000000", "changeInOperatingActivities": "8975000000", "netIncome": "18485000000", "changeInCash": "9151000000", "operatingCashflow": "36314000000", "otherOperatingCashflow": "211000000", "depreciation": "5741000000", "dividendPayout": "None", "stockSaleAndPurchase": "-4202000000", "changeInInventory": "None", "changeInAccountReceivables": "-1961000000", "changeInNetIncome": "4838000000", "capitalExpenditures": "15102000000", "changeInReceivables": "-1961000000", "changeInExchangeRate": "None", "changeInCashAndCashEquivalents": "9151000000"}, {"fiscalDateEnding": "2018-12-31", "reportedCurrency": "USD", "investments": "2474000000", "changeInLiabilities": "1161000000", "cashflowFromInvestment": "-11603000000", "otherCashflowFromInvestment": "-162000000", "netBorrowings": "500000000", "cashflowFromFinancing": "-15572000000", "otherCashflowFromFinancing": "-3193000000", "changeInOperatingActivities": "91000000", "netIncome": "22112000000", "changeInCash": "2099000000", "operatingCashflow": "29274000000", "otherOperatingCashflow": "-796000000", "depreciation": "4315000000", "dividendPayout": "None", "stockSaleAndPurchase": "-12879000000", "changeInInventory": "None", "changeInAccountReceivables": "-1892000000", "changeInNetIncome": "4374000000", "capitalExpenditures": "13915000000", "changeInReceivables": "-1892000000", "changeInExchangeRate": "None", "changeInCashAndCashEquivalents": "2099000000"}, {"fiscalDateEnding": "2017-12-31", "reportedCurrency": "USD", "investments": "-13250000000", "changeInLiabilities": "3534000000", "cashflowFromInvestment": "-20038000000", "otherCashflowFromInvestment": "-55000000", "netBorrowings": "500000000", "cashflowFromFinancing": "-5235000000", "otherCashflowFromFinancing": "-3259000000", "changeInOperatingActivities": "3449000000", "netIncome": "15934000000", "changeInCash": "-1057000000", "operatingCashflow": "24216000000", "otherOperatingCashflow": "-38000000", "depreciation": "3025000000", "dividendPayout": "0", "stockSaleAndPurchase": "-1976000000", "changeInInventory": "0", "changeInAccountReceivables": "-1609000000", "changeInNetIncome": "3370000000", "capitalExpenditures": "6733000000", "changeInReceivables": "-1609000000", "changeInExchangeRate": "233000000", "changeInCashAndCashEquivalents": "-824000000"}, {"fiscalDateEnding": "2016-12-31", "reportedCurrency": "USD", "investments": "-7186000000", "changeInLiabilities": "2392000000", "cashflowFromInvestment": "-11739000000", "otherCashflowFromInvestment": "-62000000", "netBorrowings": "-312000000", "cashflowFromFinancing": "-310000000", "otherCashflowFromFinancing": "-310000000", "changeInOperatingActivities": "2198000000", "netIncome": "10217000000", "changeInCash": "4059000000", "operatingCashflow": "16108000000", "otherOperatingCashflow": "-145000000", "depreciation": "2342000000", "dividendPayout": "0", "stockSaleAndPurchase": "0", "changeInInventory": "0", "changeInAccountReceivables": "-1489000000", "changeInNetIncome": "2791000000", "capitalExpenditures": "4491000000", "changeInReceivables": "-1489000000", "changeInExchangeRate": "-63000000", "changeInCashAndCashEquivalents": "3996000000"}], "quarterlyReports": [{"fiscalDateEnding": "2020-12-31", "reportedCurrency": "USD", "investments": "-470000000", "changeInLiabilities": "2352000000", "cashflowFromInvestment": "-5173000000", "otherCashflowFromInvestment": "-90000000", "netBorrowings": "48000000", "cashflowFromFinancing": "-3207000000", "otherCashflowFromFinancing": "-1326000000", "changeInOperatingActivities": "2607000000", "netIncome": "11219000000", "changeInCash": "5660000000", "operatingCashflow": "14040000000", "otherOperatingCashflow": "195000000", "depreciation": "1863000000", "dividendPayout": "None", "stockSaleAndPurchase": "-1929000000", "changeInInventory": "None", "changeInAccountReceivables": "-3059000000", "changeInNetIncome": "1470000000", "capitalExpenditures": "4613000000", "changeInReceivables": "-3059000000", "changeInExchangeRate": "None", "changeInCashAndCashEquivalents": "5660000000"}, {"fiscalDateEnding": "2020-09-30", "reportedCurrency": "USD", "investments": "-6875000000", "changeInLiabilities": "56000000", "cashflowFromInvestment": "-16599000000", "otherCashflowFromInvestment": "-6035000000", "netBorrowings": "-7000000", "cashflowFromFinancing": "-2911000000", "otherCashflowFromFinancing": "-1179000000", "changeInOperatingActivities": "188000000", "netIncome": "7846000000", "changeInCash": "-9681000000", "operatingCashflow": "9829000000", "otherOperatingCashflow": "383000000", "depreciation": "1698000000", "dividendPayout": "None", "stockSaleAndPurchase": "-1725000000", "changeInInventory": "None", "changeInAccountReceivables": "-377000000", "changeInNetIncome": "223000000", "capitalExpenditures": "3689000000", "changeInReceivables": "-377000000", "changeInExchangeRate": "None", "changeInCashAndCashEquivalents": "-9681000000"}, {"fiscalDateEnding": "2020-06-30", "reportedCurrency": "USD", "investments": "-338000000", "changeInLiabilities": "-4527000000", "cashflowFromInvestment": "-4178000000", "otherCashflowFromInvestment": "-585000000", "netBorrowings": "63000000", "cashflowFromFinancing": "-2152000000", "otherCashflowFromFinancing": "-847000000", "changeInOperatingActivities": "-4794000000", "netIncome": "5179000000", "changeInCash": "-2453000000", "operatingCashflow": "3877000000", "otherOperatingCashflow": "-308000000", "depreciation": "1704000000", "dividendPayout": "None", "stockSaleAndPurchase": "-1368000000", "changeInInventory": "None", "changeInAccountReceivables": "-122000000", "changeInNetIncome": "1951000000", "capitalExpenditures": "3255000000", "changeInReceivables": "-122000000", "changeInExchangeRate": "None", "changeInCashAndCashEquivalents": "-2453000000"}, {"fiscalDateEnding": "2020-03-31", "reportedCurrency": "USD", "investments": "-476000000", "changeInLiabilities": "699000000", "cashflowFromInvestment": "-4109000000", "otherCashflowFromInvestment": "-75000000", "netBorrowings": "-80000000", "cashflowFromFinancing": "-2022000000", "otherCashflowFromFinancing": "-692000000", "changeInOperatingActivities": "698000000", "netIncome": "4902000000", "changeInCash": "4870000000", "operatingCashflow": "11001000000", "otherOperatingCashflow": "-61000000", "depreciation": "1597000000", "dividendPayout": "None", "stockSaleAndPurchase": "-1250000000", "changeInInventory": "None", "changeInAccountReceivables": "2046000000", "changeInNetIncome": "1818000000", "capitalExpenditures": "3558000000", "changeInReceivables": "2046000000", "changeInExchangeRate": "None", "changeInCashAndCashEquivalents": "4870000000"}, {"fiscalDateEnding": "2019-12-31", "reportedCurrency": "USD", "investments": "509000000", "changeInLiabilities": "523000000", "cashflowFromInvestment": "-4036000000", "otherCashflowFromInvestment": "-445000000", "netBorrowings": "37000000", "cashflowFromFinancing": "-2026000000", "otherCashflowFromFinancing": "-767000000", "changeInOperatingActivities": "937000000", "netIncome": "7349000000", "changeInCash": "3021000000", "operatingCashflow": "9083000000", "otherOperatingCashflow": "566000000", "depreciation": "1468000000", "dividendPayout": "None", "stockSaleAndPurchase": "-1296000000", "changeInInventory": "None", "changeInAccountReceivables": "-1697000000", "changeInNetIncome": "874000000", "capitalExpenditures": "4100000000", "changeInReceivables": "-1697000000", "changeInExchangeRate": "None", "changeInCashAndCashEquivalents": "3021000000"}, {"fiscalDateEnding": "2019-09-30", "reportedCurrency": "USD", "investments": "-1508000000", "changeInLiabilities": "905000000", "cashflowFromInvestment": "-5050000000", "otherCashflowFromInvestment": "-10000000", "netBorrowings": "-141000000", "cashflowFromFinancing": "-2019000000", "otherCashflowFromFinancing": "-730000000", "changeInOperatingActivities": "555000000", "netIncome": "6091000000", "changeInCash": "2238000000", "operatingCashflow": "9307000000", "otherOperatingCashflow": "-230000000", "depreciation": "1416000000", "dividendPayout": "None", "stockSaleAndPurchase": "-1148000000", "changeInInventory": "None", "changeInAccountReceivables": "-328000000", "changeInNetIncome": "1453000000", "capitalExpenditures": "3532000000", "changeInReceivables": "-328000000", "changeInExchangeRate": "None", "changeInCashAndCashEquivalents": "2238000000"}, {"fiscalDateEnding": "2019-06-30", "reportedCurrency": "USD", "investments": "-313000000", "changeInLiabilities": "4331000000", "cashflowFromInvestment": "-4010000000", "otherCashflowFromInvestment": "-64000000", "netBorrowings": "58000000", "cashflowFromFinancing": "-1831000000", "otherCashflowFromFinancing": "-744000000", "changeInOperatingActivities": "4128000000", "netIncome": "2616000000", "changeInCash": "2775000000", "operatingCashflow": "8616000000", "otherOperatingCashflow": "-139000000", "depreciation": "1502000000", "dividendPayout": "None", "stockSaleAndPurchase": "-1145000000", "changeInInventory": "None", "changeInAccountReceivables": "-1006000000", "changeInNetIncome": "1312000000", "capitalExpenditures": "3633000000", "changeInReceivables": "-1006000000", "changeInExchangeRate": "None", "changeInCashAndCashEquivalents": "2775000000"}, {"fiscalDateEnding": "2019-03-31", "reportedCurrency": "USD", "investments": "-2881000000", "changeInLiabilities": "3241000000", "cashflowFromInvestment": "-6768000000", "otherCashflowFromInvestment": "-50000000", "netBorrowings": "-177000000", "cashflowFromFinancing": "-1423000000", "otherCashflowFromFinancing": "-633000000", "changeInOperatingActivities": "3355000000", "netIncome": "2429000000", "changeInCash": "1117000000", "operatingCashflow": "9308000000", "otherOperatingCashflow": "14000000", "depreciation": "1355000000", "dividendPayout": "None", "stockSaleAndPurchase": "-613000000", "changeInInventory": "None", "changeInAccountReceivables": "1070000000", "changeInNetIncome": "1199000000", "capitalExpenditures": "3837000000", "changeInReceivables": "1070000000", "changeInExchangeRate": "None", "changeInCashAndCashEquivalents": "1117000000"}, {"fiscalDateEnding": "2018-12-31", "reportedCurrency": "USD", "investments": "637000000", "changeInLiabilities": "-189000000", "cashflowFromInvestment": "-3685000000", "otherCashflowFromInvestment": "-21000000", "netBorrowings": "500000000", "cashflowFromFinancing": "-3541000000", "otherCashflowFromFinancing": "-541000000", "changeInOperatingActivities": "-183000000", "netIncome": "6882000000", "changeInCash": "392000000", "operatingCashflow": "7618000000", "otherOperatingCashflow": "172000000", "depreciation": "1225000000", "dividendPayout": "None", "stockSaleAndPurchase": "-3500000000", "changeInInventory": "None", "changeInAccountReceivables": "-1564000000", "changeInNetIncome": "1092000000", "capitalExpenditures": "4301000000", "changeInReceivables": "-1564000000", "changeInExchangeRate": "None", "changeInCashAndCashEquivalents": "392000000"}, {"fiscalDateEnding": "2018-09-30", "reportedCurrency": "USD", "investments": "-830000000", "changeInLiabilities": "681000000", "cashflowFromInvestment": "-4247000000", "otherCashflowFromInvestment": "-75000000", "netBorrowings": "500000000", "cashflowFromFinancing": "-5157000000", "otherCashflowFromFinancing": "-901000000", "changeInOperatingActivities": "612000000", "netIncome": "5137000000", "changeInCash": "-1906000000", "operatingCashflow": "7498000000", "otherOperatingCashflow": "-7000000", "depreciation": "1107000000", "dividendPayout": "0", "stockSaleAndPurchase": "-4256000000", "changeInInventory": "0", "changeInAccountReceivables": "-489000000", "changeInNetIncome": "1069000000", "capitalExpenditures": "3342000000", "changeInReceivables": "-489000000", "changeInExchangeRate": "None", "changeInCashAndCashEquivalents": "-1906000000"}, {"fiscalDateEnding": "2018-06-30", "reportedCurrency": "USD", "investments": "1092000000", "changeInLiabilities": "107000000", "cashflowFromInvestment": "-2384000000", "otherCashflowFromInvestment": "-16000000", "netBorrowings": "500000000", "cashflowFromFinancing": "-4271000000", "otherCashflowFromFinancing": "-922000000", "changeInOperatingActivities": "-561000000", "netIncome": "5105000000", "changeInCash": "-357000000", "operatingCashflow": "6298000000", "otherOperatingCashflow": "-618000000", "depreciation": "1034000000", "dividendPayout": "0", "stockSaleAndPurchase": "-3349000000", "changeInInventory": "0", "changeInAccountReceivables": "-627000000", "changeInNetIncome": "1297000000", "capitalExpenditures": "3460000000", "changeInReceivables": "-627000000", "changeInExchangeRate": "None", "changeInCashAndCashEquivalents": "-357000000"}, {"fiscalDateEnding": "2018-03-31", "reportedCurrency": "USD", "investments": "1575000000", "changeInLiabilities": "562000000", "cashflowFromInvestment": "-1287000000", "otherCashflowFromInvestment": "-50000000", "netBorrowings": "500000000", "cashflowFromFinancing": "-2603000000", "otherCashflowFromFinancing": "-829000000", "changeInOperatingActivities": "223000000", "netIncome": "4988000000", "changeInCash": "3970000000", "operatingCashflow": "7860000000", "otherOperatingCashflow": "-343000000", "depreciation": "949000000", "dividendPayout": "0", "stockSaleAndPurchase": "-1774000000", "changeInInventory": "0", "changeInAccountReceivables": "788000000", "changeInNetIncome": "916000000", "capitalExpenditures": "2812000000", "changeInReceivables": "788000000", "changeInExchangeRate": "None", "changeInCashAndCashEquivalents": "3970000000"}, {"fiscalDateEnding": "2017-12-31", "reportedCurrency": "USD", "investments": "-2717000000", "changeInLiabilities": "2862000000", "cashflowFromInvestment": "-4993000000", "otherCashflowFromInvestment": "-13000000", "netBorrowings": "500000000", "cashflowFromFinancing": "-1843000000", "otherCashflowFromFinancing": "-885000000", "changeInOperatingActivities": "3449000000", "netIncome": "4269000000", "changeInCash": "835000000", "operatingCashflow": "7671000000", "otherOperatingCashflow": "466000000", "depreciation": "853000000", "dividendPayout": "0", "stockSaleAndPurchase": "-958000000", "changeInInventory": "0", "changeInAccountReceivables": "-1609000000", "changeInNetIncome": "595000000", "capitalExpenditures": "2263000000", "changeInReceivables": "-1374000000", "changeInExchangeRate": "43000000", "changeInCashAndCashEquivalents": "878000000"}, {"fiscalDateEnding": "2017-09-30", "reportedCurrency": "USD", "investments": "-1892000000", "changeInLiabilities": "194000000", "cashflowFromInvestment": "-3714000000", "otherCashflowFromInvestment": "-67000000", "netBorrowings": "None", "cashflowFromFinancing": "-1531000000", "otherCashflowFromFinancing": "-891000000", "changeInOperatingActivities": "138000000", "netIncome": "4706000000", "changeInCash": "882000000", "operatingCashflow": "6127000000", "otherOperatingCashflow": "-9000000", "depreciation": "772000000", "dividendPayout": "0", "stockSaleAndPurchase": "-640000000", "changeInInventory": "0", "changeInAccountReceivables": "235000000", "changeInNetIncome": "922000000", "capitalExpenditures": "1755000000", "changeInReceivables": "-458000000", "changeInExchangeRate": "67000000", "changeInCashAndCashEquivalents": "949000000"}, {"fiscalDateEnding": "2017-06-30", "reportedCurrency": "USD", "investments": "-4010000000", "changeInLiabilities": "218000000", "cashflowFromInvestment": "-5440000000", "otherCashflowFromInvestment": "14000000", "netBorrowings": "None", "cashflowFromFinancing": "-869000000", "otherCashflowFromFinancing": "-719000000", "changeInOperatingActivities": "79000000", "netIncome": "3895000000", "changeInCash": "-949000000", "operatingCashflow": "5360000000", "otherOperatingCashflow": "-161000000", "depreciation": "729000000", "dividendPayout": "0", "stockSaleAndPurchase": "-150000000", "changeInInventory": "0", "changeInAccountReceivables": "223000000", "changeInNetIncome": "1065000000", "capitalExpenditures": "1444000000", "changeInReceivables": "-386000000", "changeInExchangeRate": "97000000", "changeInCashAndCashEquivalents": "-852000000"}, {"fiscalDateEnding": "2017-03-31", "reportedCurrency": "USD", "investments": "-4631000000", "changeInLiabilities": "260000000", "cashflowFromInvestment": "-5891000000", "otherCashflowFromInvestment": "11000000", "netBorrowings": "None", "cashflowFromFinancing": "-992000000", "otherCashflowFromFinancing": "-764000000", "changeInOperatingActivities": "-334000000", "netIncome": "3064000000", "changeInCash": "-1825000000", "operatingCashflow": "5058000000", "otherOperatingCashflow": "-334000000", "depreciation": "671000000", "dividendPayout": "0", "stockSaleAndPurchase": "-228000000", "changeInInventory": "0", "changeInAccountReceivables": "609000000", "changeInNetIncome": "788000000", "capitalExpenditures": "1271000000", "changeInReceivables": "609000000", "changeInExchangeRate": "26000000", "changeInCashAndCashEquivalents": "-1799000000"}, {"fiscalDateEnding": "2016-12-31", "reportedCurrency": "USD", "investments": "-643000000", "changeInLiabilities": "1834000000", "cashflowFromInvestment": "-1975000000", "otherCashflowFromInvestment": "-63000000", "netBorrowings": "-312000000", "cashflowFromFinancing": "-1416000000", "otherCashflowFromFinancing": "-1416000000", "changeInOperatingActivities": "2198000000", "netIncome": "4273000000", "changeInCash": "2959000000", "operatingCashflow": "6350000000", "otherOperatingCashflow": "-1300000000", "depreciation": "614000000", "dividendPayout": "0", "stockSaleAndPurchase": "0", "changeInInventory": "0", "changeInAccountReceivables": "-1489000000", "changeInNetIncome": "1940000000", "capitalExpenditures": "1269000000", "changeInReceivables": "-1011000000", "changeInExchangeRate": "-94000000", "changeInCashAndCashEquivalents": "2865000000"}, {"fiscalDateEnding": "2016-09-30", "reportedCurrency": "USD", "investments": "-1969000000", "changeInLiabilities": "27000000", "cashflowFromInvestment": "-3117000000", "otherCashflowFromInvestment": "-53000000", "netBorrowings": "None", "cashflowFromFinancing": "451000000", "otherCashflowFromFinancing": "451000000", "changeInOperatingActivities": "-12000000", "netIncome": "2379000000", "changeInCash": "930000000", "operatingCashflow": "3577000000", "otherOperatingCashflow": "450000000", "depreciation": "591000000", "dividendPayout": "0", "stockSaleAndPurchase": "0", "changeInInventory": "0", "changeInAccountReceivables": "478000000", "changeInNetIncome": "383000000", "capitalExpenditures": "1095000000", "changeInReceivables": "-253000000", "changeInExchangeRate": "19000000", "changeInCashAndCashEquivalents": "930000000"}, {"fiscalDateEnding": "2016-06-30", "reportedCurrency": "USD", "investments": "-3998000000", "changeInLiabilities": "481000000", "cashflowFromInvestment": "-4971000000", "otherCashflowFromInvestment": "22000000", "netBorrowings": "None", "cashflowFromFinancing": "471000000", "otherCashflowFromFinancing": "471000000", "changeInOperatingActivities": "-164000000", "netIncome": "2055000000", "changeInCash": "-1348000000", "operatingCashflow": "3198000000", "otherOperatingCashflow": "302000000", "depreciation": "585000000", "dividendPayout": "0", "stockSaleAndPurchase": "0", "changeInInventory": "0", "changeInAccountReceivables": "225000000", "changeInNetIncome": "267000000", "capitalExpenditures": "995000000", "changeInReceivables": "-492000000", "changeInExchangeRate": "-46000000", "changeInCashAndCashEquivalents": "-1348000000"}, {"fiscalDateEnding": "2016-03-31", "reportedCurrency": "USD", "investments": "-576000000", "changeInLiabilities": "50000000", "cashflowFromInvestment": "-1676000000", "otherCashflowFromInvestment": "32000000", "netBorrowings": "-312000000", "cashflowFromFinancing": "184000000", "otherCashflowFromFinancing": "184000000", "changeInOperatingActivities": "-91000000", "netIncome": "1510000000", "changeInCash": "1549000000", "operatingCashflow": "2983000000", "otherOperatingCashflow": "403000000", "depreciation": "552000000", "dividendPayout": "0", "stockSaleAndPurchase": "0", "changeInInventory": "0", "changeInAccountReceivables": "267000000", "changeInNetIncome": "201000000", "capitalExpenditures": "1132000000", "changeInReceivables": "267000000", "changeInExchangeRate": "58000000", "changeInCashAndCashEquivalents": "1549000000"}, {"fiscalDateEnding": "2015-12-31", "reportedCurrency": "USD", "investments": "-2055000000", "changeInLiabilities": "670000000", "cashflowFromInvestment": "-2726000000", "otherCashflowFromInvestment": "21000000", "netBorrowings": "-12000000", "cashflowFromFinancing": "554000000", "otherCashflowFromFinancing": "566000000", "changeInOperatingActivities": "1748000000", "netIncome": "1561000000", "changeInCash": "655000000", "operatingCashflow": "2827000000", "otherOperatingCashflow": "560000000", "depreciation": "543000000", "dividendPayout": "0", "stockSaleAndPurchase": "0", "changeInInventory": "0", "changeInAccountReceivables": "-973000000", "changeInNetIncome": "61000000", "capitalExpenditures": "692000000", "changeInReceivables": "-568000000", "changeInExchangeRate": "-56000000", "changeInCashAndCashEquivalents": "599000000"}]}