{"symbol": "GOOG", "annualReports": [{"fiscalDateEnding": "2020-12-31", "reportedCurrency": "USD", "investments": "-9822000000", "changeInLiabilities": "7407000000", "cashflowFromInvestment": "-32773000000", "otherCashflowFromInvestment": "-670000000", "netBorrowings": "9661000000", "cashflowFromFinancing": "-24408000000", "otherCashflowFromFinancing": "-5720000000", "changeInOperatingActivities": "5813000000", "netIncome": "40269000000", "changeInCash": "7943000000", "operatingCashflow": "65124000000", "otherOperatingCashflow": "8324000000", "depreciation": "13697000000", "dividendPayout": "None", "stockSaleAndPurchase": "-28349000000", "changeInInventory": "None", "changeInAccountReceivables": "-6524000000", "changeInNetIncome": "15648000000", "capitalExpenditures": "22281000000", "changeInReceivables": "-6524000000", "changeInExchangeRate": "None", "changeInCashAndCashEquivalents": "7943000000"}, {"fiscalDateEnding": "2019-12-31", "reportedCurrency": "USD", "investments": "-4017000000", "changeInLiabilities": "4470000000", "cashflowFromInvestment": "-29491000000", "otherCashflowFromInvestment": "-1926000000", "netBorrowings": "-268000000", "cashflowFromFinancing": "-23209000000", "otherCashflowFromFinancing": "-4765000000", "changeInOperatingActivities": "7822000000", "netIncome": "34343000000", "changeInCash": "1820000000", "operatingCashflow": "54520000000", "otherOperatingCashflow": "9672000000", "depreciation": "11781000000", "dividendPayout": "None", "stockSaleAndPurchase": "-18176000000", "changeInInventory": "None", "changeInAccountReceivables": "-4340000000", "changeInNetIncome": "10375000000", "capitalExpenditures": "23548000000", "changeInReceivables": "-4340000000", "changeInExchangeRate": "None", "changeInCashAndCashEquivalents": "1820000000"}, {"fiscalDateEnding": "2018-12-31", "reportedCurrency": "USD", "investments": "-1972000000", "changeInLiabilities": "7430000000", "cashflowFromInvestment": "-28504000000", "otherCashflowFromInvestment": "-1393000000", "netBorrowings": "-61000000", "cashflowFromFinancing": "-13179000000", "otherCashflowFromFinancing": "-4993000000", "changeInOperatingActivities": "7890000000", "netIncome": "30736000000", "changeInCash": "6288000000", "operatingCashflow": "47971000000", "otherOperatingCashflow": "2032000000", "depreciation": "9035000000", "dividendPayout": "None", "stockSaleAndPurchase": "-8125000000", "changeInInventory": "None", "changeInAccountReceivables": "-2169000000", "changeInNetIncome": "9942000000", "capitalExpenditures": "25139000000", "changeInReceivables": "-2169000000", "changeInExchangeRate": "-302000000", "changeInCashAndCashEquivalents": "5986000000"}, {"fiscalDateEnding": "2017-12-31", "reportedCurrency": "USD", "investments": "-18029000000", "changeInLiabilities": "14223000000", "cashflowFromInvestment": "-31401000000", "otherCashflowFromInvestment": "-188000000", "netBorrowings": "-86000000", "cashflowFromFinancing": "-8298000000", "otherCashflowFromFinancing": "-4166000000", "changeInOperatingActivities": "3682000000", "netIncome": "12662000000", "changeInCash": "-2608000000", "operatingCashflow": "37091000000", "otherOperatingCashflow": "5900000000", "depreciation": "6915000000", "dividendPayout": "0", "stockSaleAndPurchase": "-4046000000", "changeInInventory": "0", "changeInAccountReceivables": "-3768000000", "changeInNetIncome": "8074000000", "capitalExpenditures": "13184000000", "changeInReceivables": "-3768000000", "changeInExchangeRate": "405000000", "changeInCashAndCashEquivalents": "-2203000000"}, {"fiscalDateEnding": "2016-12-31", "reportedCurrency": "USD", "investments": "-18229000000", "changeInLiabilities": "4973000000", "cashflowFromInvestment": "-31165000000", "otherCashflowFromInvestment": "-2724000000", "netBorrowings": "-1335000000", "cashflowFromFinancing": "-8332000000", "otherCashflowFromFinancing": "-3304000000", "changeInOperatingActivities": "2420000000", "netIncome": "19478000000", "changeInCash": "-3461000000", "operatingCashflow": "36036000000", "otherOperatingCashflow": "7324000000", "depreciation": "6144000000", "dividendPayout": "0", "stockSaleAndPurchase": "-3693000000", "changeInInventory": "0", "changeInAccountReceivables": "-2578000000", "changeInNetIncome": "6839000000", "capitalExpenditures": "10212000000", "changeInReceivables": "-2578000000", "changeInExchangeRate": "-170000000", "changeInCashAndCashEquivalents": "-3631000000"}], "quarterlyReports": [{"fiscalDateEnding": "2020-12-31", "reportedCurrency": "USD", "investments": "-1375000000", "changeInLiabilities": "6316000000", "cashflowFromInvestment": "-7281000000", "otherCashflowFromInvestment": "-427000000", "netBorrowings": "-57000000", "cashflowFromFinancing": "-9270000000", "otherCashflowFromFinancing": "-1647000000", "changeInOperatingActivities": "5237000000", "netIncome": "15227000000", "changeInCash": "6126000000", "operatingCashflow": "22677000000", "otherOperatingCashflow": "1294000000", "depreciation": "3725000000", "dividendPayout": "None", "stockSaleAndPurchase": "-7566000000", "changeInInventory": "None", "changeInAccountReceivables": "-5445000000", "changeInNetIncome": "5285000000", "capitalExpenditures": "5479000000", "changeInReceivables": "-5445000000", "changeInExchangeRate": "None", "changeInCashAndCashEquivalents": "6126000000"}, {"fiscalDateEnding": "2020-09-30", "reportedCurrency": "USD", "investments": "-15197000000", "changeInLiabilities": "700000000", "cashflowFromInvestment": "-15197000000", "otherCashflowFromInvestment": "-406000000", "netBorrowings": "9802000000", "cashflowFromFinancing": "546000000", "otherCashflowFromFinancing": "-1359000000", "changeInOperatingActivities": "3726000000", "netIncome": "11247000000", "changeInCash": "2387000000", "operatingCashflow": "17003000000", "otherOperatingCashflow": "2479000000", "depreciation": "3478000000", "dividendPayout": "None", "stockSaleAndPurchase": "-7897000000", "changeInInventory": "None", "changeInAccountReceivables": "-3601000000", "changeInNetIncome": "1522000000", "capitalExpenditures": "5406000000", "changeInReceivables": "-3601000000", "changeInExchangeRate": "None", "changeInCashAndCashEquivalents": "2352000000"}, {"fiscalDateEnding": "2020-06-30", "reportedCurrency": "USD", "investments": "-3011000000", "changeInLiabilities": "2361000000", "cashflowFromInvestment": "-8448000000", "otherCashflowFromInvestment": "-46000000", "netBorrowings": "-35000000", "cashflowFromFinancing": "-7498000000", "otherCashflowFromFinancing": "-1475000000", "changeInOperatingActivities": "1367000000", "netIncome": "6959000000", "changeInCash": "-1953000000", "operatingCashflow": "13993000000", "otherOperatingCashflow": "1590000000", "depreciation": "3386000000", "dividendPayout": "None", "stockSaleAndPurchase": "-5988000000", "changeInInventory": "None", "changeInAccountReceivables": "-80000000", "changeInNetIncome": "3163000000", "capitalExpenditures": "5391000000", "changeInReceivables": "-80000000", "changeInExchangeRate": "None", "changeInCashAndCashEquivalents": "-1953000000"}, {"fiscalDateEnding": "2020-03-31", "reportedCurrency": "USD", "investments": "3936000000", "changeInLiabilities": "-4611000000", "cashflowFromInvestment": "-1847000000", "otherCashflowFromInvestment": "222000000", "netBorrowings": "-49000000", "cashflowFromFinancing": "-8186000000", "otherCashflowFromFinancing": "-1241000000", "changeInOperatingActivities": "-4517000000", "netIncome": "6836000000", "changeInCash": "1418000000", "operatingCashflow": "11451000000", "otherOperatingCashflow": "2961000000", "depreciation": "3108000000", "dividendPayout": "None", "stockSaleAndPurchase": "-6896000000", "changeInInventory": "None", "changeInAccountReceivables": "2602000000", "changeInNetIncome": "3663000000", "capitalExpenditures": "6005000000", "changeInReceivables": "2602000000", "changeInExchangeRate": "None", "changeInCashAndCashEquivalents": "1418000000"}, {"fiscalDateEnding": "2019-12-31", "reportedCurrency": "USD", "investments": "3370000000", "changeInLiabilities": "1719000000", "cashflowFromInvestment": "-4703000000", "otherCashflowFromInvestment": "-2021000000", "netBorrowings": "-47000000", "cashflowFromFinancing": "-7326000000", "otherCashflowFromFinancing": "-1199000000", "changeInOperatingActivities": "5481000000", "netIncome": "10671000000", "changeInCash": "2398000000", "operatingCashflow": "14427000000", "otherOperatingCashflow": "4438000000", "depreciation": "3413000000", "dividendPayout": "None", "stockSaleAndPurchase": "-6080000000", "changeInInventory": "None", "changeInAccountReceivables": "-4365000000", "changeInNetIncome": "1964000000", "capitalExpenditures": "6052000000", "changeInReceivables": "-4365000000", "changeInExchangeRate": "None", "changeInCashAndCashEquivalents": "2398000000"}, {"fiscalDateEnding": "2019-09-30", "reportedCurrency": "USD", "investments": "-2466000000", "changeInLiabilities": "2095000000", "cashflowFromInvestment": "-8945000000", "otherCashflowFromInvestment": "253000000", "netBorrowings": "-145000000", "cashflowFromFinancing": "-6954000000", "otherCashflowFromFinancing": "-1131000000", "changeInOperatingActivities": "1503000000", "netIncome": "7068000000", "changeInCash": "-433000000", "operatingCashflow": "15466000000", "otherOperatingCashflow": "3990000000", "depreciation": "2920000000", "dividendPayout": "None", "stockSaleAndPurchase": "-5678000000", "changeInInventory": "None", "changeInAccountReceivables": "-1000000", "changeInNetIncome": "2314000000", "capitalExpenditures": "6732000000", "changeInReceivables": "-1000000", "changeInExchangeRate": "None", "changeInCashAndCashEquivalents": "-433000000"}, {"fiscalDateEnding": "2019-06-30", "reportedCurrency": "USD", "investments": "-4236000000", "changeInLiabilities": "242000000", "cashflowFromInvestment": "-10455000000", "otherCashflowFromInvestment": "-93000000", "netBorrowings": "-46000000", "cashflowFromFinancing": "-4746000000", "otherCashflowFromFinancing": "-1260000000", "changeInOperatingActivities": "1479000000", "netIncome": "9947000000", "changeInCash": "-2574000000", "operatingCashflow": "12627000000", "otherOperatingCashflow": "205000000", "depreciation": "2835000000", "dividendPayout": "None", "stockSaleAndPurchase": "-3440000000", "changeInInventory": "None", "changeInAccountReceivables": "-1146000000", "changeInNetIncome": "3379000000", "capitalExpenditures": "6126000000", "changeInReceivables": "-1146000000", "changeInExchangeRate": "None", "changeInCashAndCashEquivalents": "-2592000000"}, {"fiscalDateEnding": "2019-03-31", "reportedCurrency": "USD", "investments": "-685000000", "changeInLiabilities": "414000000", "cashflowFromInvestment": "-5388000000", "otherCashflowFromInvestment": "-65000000", "netBorrowings": "-30000000", "cashflowFromFinancing": "-4183000000", "otherCashflowFromFinancing": "-1175000000", "changeInOperatingActivities": "-641000000", "netIncome": "6657000000", "changeInCash": "2429000000", "operatingCashflow": "12000000000", "otherOperatingCashflow": "1039000000", "depreciation": "2416000000", "dividendPayout": "None", "stockSaleAndPurchase": "-2978000000", "changeInInventory": "None", "changeInAccountReceivables": "1172000000", "changeInNetIncome": "2718000000", "capitalExpenditures": "4638000000", "changeInReceivables": "1172000000", "changeInExchangeRate": "18000000", "changeInCashAndCashEquivalents": "2447000000"}, {"fiscalDateEnding": "2018-12-31", "reportedCurrency": "USD", "investments": "215000000", "changeInLiabilities": "2571000000", "cashflowFromInvestment": "-6876000000", "otherCashflowFromInvestment": "-10000000", "netBorrowings": "-5000000", "cashflowFromFinancing": "-2746000000", "otherCashflowFromFinancing": "-1041000000", "changeInOperatingActivities": "2869000000", "netIncome": "8948000000", "changeInCash": "3365000000", "operatingCashflow": "12987000000", "otherOperatingCashflow": "2154000000", "depreciation": "2575000000", "dividendPayout": "None", "stockSaleAndPurchase": "-1700000000", "changeInInventory": "None", "changeInAccountReceivables": "-2887000000", "changeInNetIncome": "2201000000", "capitalExpenditures": "7081000000", "changeInReceivables": "-2887000000", "changeInExchangeRate": "-107000000", "changeInCashAndCashEquivalents": "3258000000"}, {"fiscalDateEnding": "2018-09-30", "reportedCurrency": "USD", "investments": "-5128000000", "changeInLiabilities": "938000000", "cashflowFromInvestment": "-10408000000", "otherCashflowFromInvestment": "2000000", "netBorrowings": "-25000000", "cashflowFromFinancing": "-3478000000", "otherCashflowFromFinancing": "-1253000000", "changeInOperatingActivities": "1480000000", "netIncome": "9192000000", "changeInCash": "-676000000", "operatingCashflow": "13210000000", "otherOperatingCashflow": "602000000", "depreciation": "2356000000", "dividendPayout": "0", "stockSaleAndPurchase": "-2200000000", "changeInInventory": "0", "changeInAccountReceivables": "-670000000", "changeInNetIncome": "3148000000", "capitalExpenditures": "5282000000", "changeInReceivables": "-670000000", "changeInExchangeRate": "-29000000", "changeInCashAndCashEquivalents": "-705000000"}, {"fiscalDateEnding": "2018-06-30", "reportedCurrency": "USD", "investments": "2268000000", "changeInLiabilities": "4029000000", "cashflowFromInvestment": "-3374000000", "otherCashflowFromInvestment": "-165000000", "netBorrowings": "-1344000000", "cashflowFromFinancing": "-4937000000", "otherCashflowFromFinancing": "-1541000000", "changeInOperatingActivities": "5210000000", "netIncome": "3195000000", "changeInCash": "1821000000", "operatingCashflow": "10132000000", "otherOperatingCashflow": "809000000", "depreciation": "2112000000", "dividendPayout": "0", "stockSaleAndPurchase": "-2052000000", "changeInInventory": "0", "changeInAccountReceivables": "-312000000", "changeInNetIncome": "2411000000", "capitalExpenditures": "5477000000", "changeInReceivables": "-312000000", "changeInExchangeRate": "-331000000", "changeInCashAndCashEquivalents": "1490000000"}, {"fiscalDateEnding": "2018-03-31", "reportedCurrency": "USD", "investments": "673000000", "changeInLiabilities": "-108000000", "cashflowFromInvestment": "-7846000000", "otherCashflowFromInvestment": "-1220000000", "netBorrowings": "1313000000", "cashflowFromFinancing": "-2018000000", "otherCashflowFromFinancing": "-1158000000", "changeInOperatingActivities": "-1669000000", "netIncome": "9401000000", "changeInCash": "1778000000", "operatingCashflow": "11642000000", "otherOperatingCashflow": "-1533000000", "depreciation": "1986000000", "dividendPayout": "0", "stockSaleAndPurchase": "-2173000000", "changeInInventory": "0", "changeInAccountReceivables": "1700000000", "changeInNetIncome": "2182000000", "capitalExpenditures": "7299000000", "changeInReceivables": "1700000000", "changeInExchangeRate": "165000000", "changeInCashAndCashEquivalents": "1943000000"}, {"fiscalDateEnding": "2017-12-31", "reportedCurrency": "USD", "investments": "-2671000000", "changeInLiabilities": "11681000000", "cashflowFromInvestment": "-6974000000", "otherCashflowFromInvestment": "4000000", "netBorrowings": "-22000000", "cashflowFromFinancing": "-3178000000", "otherCashflowFromFinancing": "-1055000000", "changeInOperatingActivities": "3682000000", "netIncome": "-3020000000", "changeInCash": "116000000", "operatingCashflow": "10268000000", "otherOperatingCashflow": "2755000000", "depreciation": "6899000000", "dividendPayout": "0", "stockSaleAndPurchase": "-2101000000", "changeInInventory": "0", "changeInAccountReceivables": "-3768000000", "changeInNetIncome": "1901000000", "capitalExpenditures": "4307000000", "changeInReceivables": "-3049000000", "changeInExchangeRate": "18000000", "changeInCashAndCashEquivalents": "134000000"}, {"fiscalDateEnding": "2017-09-30", "reportedCurrency": "USD", "investments": "-10763000000", "changeInLiabilities": "2320000000", "cashflowFromInvestment": "-14404000000", "otherCashflowFromInvestment": "-103000000", "netBorrowings": "-8000000", "cashflowFromFinancing": "-706000000", "otherCashflowFromFinancing": "-1018000000", "changeInOperatingActivities": "-22000000", "netIncome": "6732000000", "changeInCash": "-5238000000", "operatingCashflow": "9872000000", "otherOperatingCashflow": "381000000", "depreciation": "0", "dividendPayout": "0", "stockSaleAndPurchase": "320000000", "changeInInventory": "0", "changeInAccountReceivables": "719000000", "changeInNetIncome": "1589000000", "capitalExpenditures": "3538000000", "changeInReceivables": "-1150000000", "changeInExchangeRate": "108000000", "changeInCashAndCashEquivalents": "-5130000000"}, {"fiscalDateEnding": "2017-06-30", "reportedCurrency": "USD", "investments": "-4312000000", "changeInLiabilities": "1366000000", "cashflowFromInvestment": "-7172000000", "otherCashflowFromInvestment": "-29000000", "netBorrowings": "-38000000", "cashflowFromFinancing": "-2740000000", "otherCashflowFromFinancing": "-1084000000", "changeInOperatingActivities": "3309000000", "netIncome": "3524000000", "changeInCash": "-2509000000", "operatingCashflow": "7403000000", "otherOperatingCashflow": "1395000000", "depreciation": "0", "dividendPayout": "0", "stockSaleAndPurchase": "-1618000000", "changeInInventory": "0", "changeInAccountReceivables": "-431000000", "changeInNetIncome": "1954000000", "capitalExpenditures": "2831000000", "changeInReceivables": "-836000000", "changeInExchangeRate": "88000000", "changeInCashAndCashEquivalents": "-2421000000"}, {"fiscalDateEnding": "2017-03-31", "reportedCurrency": "USD", "investments": "-283000000", "changeInLiabilities": "-1144000000", "cashflowFromInvestment": "-2851000000", "otherCashflowFromInvestment": "-60000000", "netBorrowings": "-18000000", "cashflowFromFinancing": "-1674000000", "otherCashflowFromFinancing": "-1009000000", "changeInOperatingActivities": "-128000000", "netIncome": "5426000000", "changeInCash": "5023000000", "operatingCashflow": "9548000000", "otherOperatingCashflow": "1369000000", "depreciation": "0", "dividendPayout": "0", "stockSaleAndPurchase": "-647000000", "changeInInventory": "0", "changeInAccountReceivables": "-1267000000", "changeInNetIncome": "2630000000", "capitalExpenditures": "2508000000", "changeInReceivables": "1267000000", "changeInExchangeRate": "191000000", "changeInCashAndCashEquivalents": "5214000000"}, {"fiscalDateEnding": "2016-12-31", "reportedCurrency": "USD", "investments": "-976000000", "changeInLiabilities": "2202000000", "cashflowFromInvestment": "-4702000000", "otherCashflowFromInvestment": "-648000000", "netBorrowings": "-13000000", "cashflowFromFinancing": "-892000000", "otherCashflowFromFinancing": "-879000000", "changeInOperatingActivities": "2420000000", "netIncome": "5333000000", "changeInCash": "3819000000", "operatingCashflow": "9413000000", "otherOperatingCashflow": "2411000000", "depreciation": "6100000000", "dividendPayout": "0", "stockSaleAndPurchase": "0", "changeInInventory": "0", "changeInAccountReceivables": "-2578000000", "changeInNetIncome": "1746000000", "capitalExpenditures": "3078000000", "changeInReceivables": "-2279000000", "changeInExchangeRate": "-307000000", "changeInCashAndCashEquivalents": "3512000000"}, {"fiscalDateEnding": "2016-09-30", "reportedCurrency": "USD", "investments": "-8871000000", "changeInLiabilities": "1780000000", "cashflowFromInvestment": "-13045000000", "otherCashflowFromInvestment": "-1591000000", "netBorrowings": "-274000000", "cashflowFromFinancing": "-1089000000", "otherCashflowFromFinancing": "-815000000", "changeInOperatingActivities": "None", "netIncome": "5061000000", "changeInCash": "-4289000000", "operatingCashflow": "9845000000", "otherOperatingCashflow": "1645000000", "depreciation": "0", "dividendPayout": "0", "stockSaleAndPurchase": "0", "changeInInventory": "0", "changeInAccountReceivables": "299000000", "changeInNetIncome": "1641000000", "capitalExpenditures": "2583000000", "changeInReceivables": "-282000000", "changeInExchangeRate": "68000000", "changeInCashAndCashEquivalents": "-4221000000"}, {"fiscalDateEnding": "2016-06-30", "reportedCurrency": "USD", "investments": "-4756000000", "changeInLiabilities": "2035000000", "cashflowFromInvestment": "-7173000000", "otherCashflowFromInvestment": "-294000000", "netBorrowings": "-1042000000", "cashflowFromFinancing": "-3440000000", "otherCashflowFromFinancing": "-803000000", "changeInOperatingActivities": "None", "netIncome": "4877000000", "changeInCash": "-1493000000", "operatingCashflow": "9120000000", "otherOperatingCashflow": "1563000000", "depreciation": "0", "dividendPayout": "0", "stockSaleAndPurchase": "-1595000000", "changeInInventory": "0", "changeInAccountReceivables": "17000000", "changeInNetIncome": "1480000000", "capitalExpenditures": "2123000000", "changeInReceivables": "-835000000", "changeInExchangeRate": "9000000", "changeInCashAndCashEquivalents": "-1484000000"}, {"fiscalDateEnding": "2016-03-31", "reportedCurrency": "USD", "investments": "-3626000000", "changeInLiabilities": "-1044000000", "cashflowFromInvestment": "-6245000000", "otherCashflowFromInvestment": "-191000000", "netBorrowings": "-6000000", "cashflowFromFinancing": "-2911000000", "otherCashflowFromFinancing": "-807000000", "changeInOperatingActivities": "None", "netIncome": "4207000000", "changeInCash": "-1498000000", "operatingCashflow": "7658000000", "otherOperatingCashflow": "1705000000", "depreciation": "0", "dividendPayout": "0", "stockSaleAndPurchase": "-2098000000", "changeInInventory": "0", "changeInAccountReceivables": "-818000000", "changeInNetIncome": "1972000000", "capitalExpenditures": "2428000000", "changeInReceivables": "818000000", "changeInExchangeRate": "60000000", "changeInCashAndCashEquivalents": "-1438000000"}, {"fiscalDateEnding": "2015-09-30", "reportedCurrency": "USD", "investments": "None", "changeInLiabilities": "None", "cashflowFromInvestment": "-18224000000", "otherCashflowFromInvestment": "0", "netBorrowings": "None", "cashflowFromFinancing": "-1312000000", "otherCashflowFromFinancing": "None", "changeInOperatingActivities": "None", "netIncome": "11425000000", "changeInCash": "None", "operatingCashflow": "19609000000", "otherOperatingCashflow": "None", "depreciation": "0", "dividendPayout": "-47000000", "stockSaleAndPurchase": "0", "changeInInventory": "0", "changeInAccountReceivables": "336000000", "changeInNetIncome": "None", "capitalExpenditures": "7815000000", "changeInReceivables": "None", "changeInExchangeRate": "None", "changeInCashAndCashEquivalents": "None"}]}