{"symbol": "NFLX", "annualReports": [{"fiscalDateEnding": "2020-12-31", "reportedCurrency": "USD", "investments": "-505354000", "changeInLiabilities": "156578000", "cashflowFromInvestment": "-505354000", "otherCashflowFromInvestment": "-7431000", "netBorrowings": "1001905000", "cashflowFromFinancing": "1237311000", "otherCashflowFromFinancing": "-7559000", "changeInOperatingActivities": "-183515000", "netIncome": "2761395000", "changeInCash": "3159034000", "operatingCashflow": "2427077000", "otherOperatingCashflow": "-1090757000", "depreciation": "115710000", "dividendPayout": "None", "stockSaleAndPurchase": "235406000", "changeInInventory": "None", "changeInAccountReceivables": "None", "changeInNetIncome": "484151000", "capitalExpenditures": "497923000", "changeInReceivables": "None", "changeInExchangeRate": "None", "changeInCashAndCashEquivalents": "3159034000"}, {"fiscalDateEnding": "2019-12-31", "reportedCurrency": "USD", "investments": "-387064000", "changeInLiabilities": "253841000", "cashflowFromInvestment": "-387064000", "otherCashflowFromInvestment": "-134029000", "netBorrowings": "4433172000", "cashflowFromFinancing": "4505662000", "otherCashflowFromFinancing": "-36134000", "changeInOperatingActivities": "-216866000", "netIncome": "1866916000", "changeInCash": "1231276000", "operatingCashflow": "-2887322000", "otherOperatingCashflow": "-5005677000", "depreciation": "103579000", "dividendPayout": "None", "stockSaleAndPurchase": "72490000", "changeInInventory": "None", "changeInAccountReceivables": "None", "changeInNetIncome": "-105981000", "capitalExpenditures": "253035000", "changeInReceivables": "None", "changeInExchangeRate": "None", "changeInCashAndCashEquivalents": "1231276000"}, {"fiscalDateEnding": "2018-12-31", "reportedCurrency": "USD", "investments": "-339120000", "changeInLiabilities": "349620000", "cashflowFromInvestment": "-339120000", "otherCashflowFromInvestment": "-165174000", "netBorrowings": "3925981000", "cashflowFromFinancing": "4048527000", "otherCashflowFromFinancing": "-1956000", "changeInOperatingActivities": "-47708000", "netIncome": "1211242000", "changeInCash": "1028928000", "operatingCashflow": "-2680479000", "otherOperatingCashflow": "-5525990000", "depreciation": "83157000", "dividendPayout": "None", "stockSaleAndPurchase": "124502000", "changeInInventory": "None", "changeInAccountReceivables": "None", "changeInNetIncome": "1201492000", "capitalExpenditures": "173946000", "changeInReceivables": "None", "changeInExchangeRate": "-39682000", "changeInCashAndCashEquivalents": "989246000"}, {"fiscalDateEnding": "2017-12-31", "reportedCurrency": "USD", "investments": "342859000", "changeInLiabilities": "366870000", "cashflowFromInvestment": "34329000", "otherCashflowFromInvestment": "-135228000", "netBorrowings": "2988357000", "cashflowFromFinancing": "3076990000", "otherCashflowFromFinancing": "255000", "changeInOperatingActivities": "-193556000", "netIncome": "558929000", "changeInCash": "1325371000", "operatingCashflow": "-1785948000", "otherOperatingCashflow": "-3855182000", "depreciation": "71911000", "dividendPayout": "0", "stockSaleAndPurchase": "88378000", "changeInInventory": "0", "changeInAccountReceivables": "0", "changeInNetIncome": "1071524000", "capitalExpenditures": "173302000", "changeInReceivables": "None", "changeInExchangeRate": "29848000", "changeInCashAndCashEquivalents": "1355219000"}, {"fiscalDateEnding": "2016-12-31", "reportedCurrency": "USD", "investments": "422729000", "changeInLiabilities": "197704000", "cashflowFromInvestment": "49765000", "otherCashflowFromInvestment": "-265311000", "netBorrowings": "989300000", "cashflowFromFinancing": "1091630000", "otherCashflowFromFinancing": "65351000", "changeInOperatingActivities": "63382000", "netIncome": "186678000", "changeInCash": "-332589000", "operatingCashflow": "-1473984000", "otherOperatingCashflow": "-3791160000", "depreciation": "57528000", "dividendPayout": "0", "stockSaleAndPurchase": "36979000", "changeInInventory": "0", "changeInAccountReceivables": "0", "changeInNetIncome": "1875266000", "capitalExpenditures": "107653000", "changeInReceivables": "None", "changeInExchangeRate": "-9165000", "changeInCashAndCashEquivalents": "-341754000"}], "quarterlyReports": [{"fiscalDateEnding": "2020-12-31", "reportedCurrency": "USD", "investments": "-146399000", "changeInLiabilities": "-68687000", "cashflowFromInvestment": "-146399000", "otherCashflowFromInvestment": "1957000", "netBorrowings": "None", "cashflowFromFinancing": "33987000", "otherCashflowFromFinancing": "None", "changeInOperatingActivities": "-310774000", "netIncome": "542156000", "changeInCash": "-250084000", "operatingCashflow": "-137672000", "otherOperatingCashflow": "-324049000", "depreciation": "31943000", "dividendPayout": "None", "stockSaleAndPurchase": "33987000", "changeInInventory": "None", "changeInAccountReceivables": "None", "changeInNetIncome": "-319035000", "capitalExpenditures": "148356000", "changeInReceivables": "None", "changeInExchangeRate": "None", "changeInCashAndCashEquivalents": "-250084000"}, {"fiscalDateEnding": "2020-09-30", "reportedCurrency": "USD", "investments": "-118651000", "changeInLiabilities": "377704000", "cashflowFromInvestment": "-118651000", "otherCashflowFromInvestment": "-8840000", "netBorrowings": "None", "cashflowFromFinancing": "68665000", "otherCashflowFromFinancing": "None", "changeInOperatingActivities": "223054000", "netIncome": "789976000", "changeInCash": "1213775000", "operatingCashflow": "1263761000", "otherOperatingCashflow": "47825000", "depreciation": "28589000", "dividendPayout": "None", "stockSaleAndPurchase": "68665000", "changeInInventory": "None", "changeInAccountReceivables": "None", "changeInNetIncome": "19667000", "capitalExpenditures": "109811000", "changeInReceivables": "None", "changeInExchangeRate": "None", "changeInCashAndCashEquivalents": "1213775000"}, {"fiscalDateEnding": "2020-06-30", "reportedCurrency": "USD", "investments": "-142001000", "changeInLiabilities": "-217477000", "cashflowFromInvestment": "-142001000", "otherCashflowFromInvestment": "-260000", "netBorrowings": "1001905000", "cashflowFromFinancing": "1090965000", "otherCashflowFromFinancing": "-7559000", "changeInOperatingActivities": "-141187000", "netIncome": "720196000", "changeInCash": "1990040000", "operatingCashflow": "1041076000", "otherOperatingCashflow": "103148000", "depreciation": "26661000", "dividendPayout": "None", "stockSaleAndPurchase": "89060000", "changeInInventory": "None", "changeInAccountReceivables": "None", "changeInNetIncome": "408548000", "capitalExpenditures": "141741000", "changeInReceivables": "None", "changeInExchangeRate": "None", "changeInCashAndCashEquivalents": "1990040000"}, {"fiscalDateEnding": "2020-03-31", "reportedCurrency": "USD", "investments": "-98303000", "changeInLiabilities": "65038000", "cashflowFromInvestment": "-98303000", "otherCashflowFromInvestment": "-288000", "netBorrowings": "1009464000", "cashflowFromFinancing": "43694000", "otherCashflowFromFinancing": "-7559000", "changeInOperatingActivities": "45392000", "netIncome": "709067000", "changeInCash": "205303000", "operatingCashflow": "259912000", "otherOperatingCashflow": "-917681000", "depreciation": "28517000", "dividendPayout": "None", "stockSaleAndPurchase": "43694000", "changeInInventory": "None", "changeInAccountReceivables": "None", "changeInNetIncome": "374971000", "capitalExpenditures": "98015000", "changeInReceivables": "None", "changeInExchangeRate": "None", "changeInCashAndCashEquivalents": "205303000"}, {"fiscalDateEnding": "2019-12-31", "reportedCurrency": "USD", "investments": "-207571000", "changeInLiabilities": "-3189000", "cashflowFromInvestment": "-207571000", "otherCashflowFromInvestment": "-99834000", "netBorrowings": "2208168000", "cashflowFromFinancing": "2223801000", "otherCashflowFromFinancing": "-17942000", "changeInOperatingActivities": "-476990000", "netIncome": "586970000", "changeInCash": "554255000", "operatingCashflow": "-1461975000", "otherOperatingCashflow": "-1716850000", "depreciation": "27818000", "dividendPayout": "None", "stockSaleAndPurchase": "15633000", "changeInInventory": "None", "changeInAccountReceivables": "None", "changeInNetIncome": "-356724000", "capitalExpenditures": "107737000", "changeInReceivables": "None", "changeInExchangeRate": "None", "changeInCashAndCashEquivalents": "554255000"}, {"fiscalDateEnding": "2019-09-30", "reportedCurrency": "USD", "investments": "-49354000", "changeInLiabilities": "253229000", "cashflowFromInvestment": "-49354000", "otherCashflowFromInvestment": "-4021000", "netBorrowings": "2226110000", "cashflowFromFinancing": "11989000", "otherCashflowFromFinancing": "-17942000", "changeInOperatingActivities": "216094000", "netIncome": "665244000", "changeInCash": "-539159000", "operatingCashflow": "-501794000", "otherOperatingCashflow": "-1383710000", "depreciation": "26704000", "dividendPayout": "None", "stockSaleAndPurchase": "11989000", "changeInInventory": "None", "changeInAccountReceivables": "None", "changeInNetIncome": "-63261000", "capitalExpenditures": "45333000", "changeInReceivables": "None", "changeInExchangeRate": "None", "changeInCashAndCashEquivalents": "-539159000"}, {"fiscalDateEnding": "2019-06-30", "reportedCurrency": "USD", "investments": "-50036000", "changeInLiabilities": "-29379000", "cashflowFromInvestment": "-50036000", "otherCashflowFromInvestment": "-10452000", "netBorrowings": "2225004000", "cashflowFromFinancing": "2246900000", "otherCashflowFromFinancing": "-18192000", "changeInOperatingActivities": "-77055000", "netIncome": "270650000", "changeInCash": "1653110000", "operatingCashflow": "-543754000", "otherOperatingCashflow": "-1051797000", "depreciation": "25496000", "dividendPayout": "None", "stockSaleAndPurchase": "21896000", "changeInInventory": "None", "changeInAccountReceivables": "None", "changeInNetIncome": "241276000", "capitalExpenditures": "39584000", "changeInReceivables": "None", "changeInExchangeRate": "None", "changeInCashAndCashEquivalents": "1653110000"}, {"fiscalDateEnding": "2019-03-31", "reportedCurrency": "USD", "investments": "-80103000", "changeInLiabilities": "33180000", "cashflowFromInvestment": "-80103000", "otherCashflowFromInvestment": "-19722000", "netBorrowings": "2243196000", "cashflowFromFinancing": "22972000", "otherCashflowFromFinancing": "-18192000", "changeInOperatingActivities": "121085000", "netIncome": "344052000", "changeInCash": "-436930000", "operatingCashflow": "-379799000", "otherOperatingCashflow": "-853320000", "depreciation": "23561000", "dividendPayout": "None", "stockSaleAndPurchase": "22972000", "changeInInventory": "None", "changeInAccountReceivables": "None", "changeInNetIncome": "72728000", "capitalExpenditures": "60381000", "changeInReceivables": "None", "changeInExchangeRate": "None", "changeInCashAndCashEquivalents": "-436930000"}, {"fiscalDateEnding": "2018-12-31", "reportedCurrency": "USD", "investments": "None", "changeInLiabilities": "-26046000", "cashflowFromInvestment": "-80358000", "otherCashflowFromInvestment": "-10238000", "netBorrowings": "2042973000", "cashflowFromFinancing": "2053864000", "otherCashflowFromFinancing": "-559000", "changeInOperatingActivities": "-164876000", "netIncome": "133934000", "changeInCash": "738434000", "operatingCashflow": "-1235072000", "otherOperatingCashflow": "-1694450000", "depreciation": "23219000", "dividendPayout": "None", "stockSaleAndPurchase": "11450000", "changeInInventory": "None", "changeInAccountReceivables": "None", "changeInNetIncome": "328271000", "capitalExpenditures": "70120000", "changeInReceivables": "None", "changeInExchangeRate": "-39682000", "changeInCashAndCashEquivalents": "698752000"}, {"fiscalDateEnding": "2018-09-30", "reportedCurrency": "USD", "investments": "None", "changeInLiabilities": "148534000", "cashflowFromInvestment": "-168694000", "otherCashflowFromInvestment": "-129361000", "netBorrowings": "2061852000", "cashflowFromFinancing": "29237000", "otherCashflowFromFinancing": "-544000", "changeInOperatingActivities": "78027000", "netIncome": "402835000", "changeInCash": "-829868000", "operatingCashflow": "-690411000", "otherOperatingCashflow": "-1372964000", "depreciation": "21161000", "dividendPayout": "0", "stockSaleAndPurchase": "29781000", "changeInInventory": "0", "changeInAccountReceivables": "0", "changeInNetIncome": "110023000", "capitalExpenditures": "39333000", "changeInReceivables": "None", "changeInExchangeRate": "None", "changeInCashAndCashEquivalents": "-829868000"}, {"fiscalDateEnding": "2018-06-30", "reportedCurrency": "USD", "investments": "None", "changeInLiabilities": "-21270000", "cashflowFromInvestment": "-40316000", "otherCashflowFromInvestment": "-12993000", "netBorrowings": "1883008000", "cashflowFromFinancing": "1909412000", "otherCashflowFromFinancing": "-532000", "changeInOperatingActivities": "-37833000", "netIncome": "384349000", "changeInCash": "1350857000", "operatingCashflow": "-518239000", "otherOperatingCashflow": "-1189732000", "depreciation": "19736000", "dividendPayout": "0", "stockSaleAndPurchase": "26936000", "changeInInventory": "0", "changeInAccountReceivables": "0", "changeInNetIncome": "288678000", "capitalExpenditures": "27323000", "changeInReceivables": "None", "changeInExchangeRate": "None", "changeInCashAndCashEquivalents": "1350857000"}, {"fiscalDateEnding": "2018-03-31", "reportedCurrency": "USD", "investments": "None", "changeInLiabilities": "248402000", "cashflowFromInvestment": "-49752000", "otherCashflowFromInvestment": "-12582000", "netBorrowings": "1900000000", "cashflowFromFinancing": "56014000", "otherCashflowFromFinancing": "-321000", "changeInOperatingActivities": "76974000", "netIncome": "290124000", "changeInCash": "-230495000", "operatingCashflow": "-236757000", "otherOperatingCashflow": "-1268844000", "depreciation": "19041000", "dividendPayout": "0", "stockSaleAndPurchase": "56335000", "changeInInventory": "0", "changeInAccountReceivables": "0", "changeInNetIncome": "474520000", "capitalExpenditures": "37170000", "changeInReceivables": "None", "changeInExchangeRate": "None", "changeInCashAndCashEquivalents": "-230495000"}, {"fiscalDateEnding": "2017-12-31", "reportedCurrency": "USD", "investments": "74819000", "changeInLiabilities": "141997000", "cashflowFromInvestment": "-35841000", "otherCashflowFromInvestment": "-89075000", "netBorrowings": "1583172000", "cashflowFromFinancing": "1597943000", "otherCashflowFromFinancing": "66000", "changeInOperatingActivities": "-193556000", "netIncome": "185517000", "changeInCash": "1074145000", "operatingCashflow": "-487957000", "otherOperatingCashflow": "-872254000", "depreciation": "19073000", "dividendPayout": "0", "stockSaleAndPurchase": "14705000", "changeInInventory": "0", "changeInAccountReceivables": "0", "changeInNetIncome": "37710000", "capitalExpenditures": "21585000", "changeInReceivables": "None", "changeInExchangeRate": "2181000", "changeInCashAndCashEquivalents": "1076326000"}, {"fiscalDateEnding": "2017-09-30", "reportedCurrency": "USD", "investments": "247479000", "changeInLiabilities": "140982000", "cashflowFromInvestment": "202192000", "otherCashflowFromInvestment": "-11324000", "netBorrowings": "-312000", "cashflowFromFinancing": "34422000", "otherCashflowFromFinancing": "65000", "changeInOperatingActivities": "25058000", "netIncome": "129590000", "changeInCash": "-182993000", "operatingCashflow": "-419607000", "otherOperatingCashflow": "-723229000", "depreciation": "19238000", "dividendPayout": "0", "stockSaleAndPurchase": "34669000", "changeInInventory": "0", "changeInAccountReceivables": "0", "changeInNetIncome": "13812000", "capitalExpenditures": "33963000", "changeInReceivables": "None", "changeInExchangeRate": "10685000", "changeInCashAndCashEquivalents": "-172308000"}, {"fiscalDateEnding": "2017-06-30", "reportedCurrency": "USD", "investments": "17487000", "changeInLiabilities": "-13872000", "cashflowFromInvestment": "-56432000", "otherCashflowFromInvestment": "-8688000", "netBorrowings": "1405497000", "cashflowFromFinancing": "1420386000", "otherCashflowFromFinancing": "63000", "changeInOperatingActivities": "-169688000", "netIncome": "65600000", "changeInCash": "829426000", "operatingCashflow": "-534528000", "otherOperatingCashflow": "-1218762000", "depreciation": "18551000", "dividendPayout": "0", "stockSaleAndPurchase": "14826000", "changeInInventory": "0", "changeInAccountReceivables": "0", "changeInNetIncome": "613955000", "capitalExpenditures": "65231000", "changeInReceivables": "None", "changeInExchangeRate": "11527000", "changeInCashAndCashEquivalents": "840953000"}, {"fiscalDateEnding": "2017-03-31", "reportedCurrency": "USD", "investments": "3074000", "changeInLiabilities": "97763000", "cashflowFromInvestment": "-75590000", "otherCashflowFromInvestment": "-26141000", "netBorrowings": "1600000000", "cashflowFromFinancing": "24239000", "otherCashflowFromFinancing": "61000", "changeInOperatingActivities": "-16552000", "netIncome": "178222000", "changeInCash": "-395207000", "operatingCashflow": "-343856000", "otherOperatingCashflow": "-1040937000", "depreciation": "15049000", "dividendPayout": "0", "stockSaleAndPurchase": "24178000", "changeInInventory": "0", "changeInAccountReceivables": "0", "changeInNetIncome": "406047000", "capitalExpenditures": "52523000", "changeInReceivables": "None", "changeInExchangeRate": "5455000", "changeInCashAndCashEquivalents": "-389752000"}, {"fiscalDateEnding": "2016-12-31", "reportedCurrency": "USD", "investments": "293077000", "changeInLiabilities": "28224000", "cashflowFromInvestment": "24422000", "otherCashflowFromInvestment": "-207607000", "netBorrowings": "989300000", "cashflowFromFinancing": "1042472000", "otherCashflowFromFinancing": "27780000", "changeInOperatingActivities": "63382000", "netIncome": "66748000", "changeInCash": "509734000", "operatingCashflow": "-557160000", "otherOperatingCashflow": "-763496000", "depreciation": "14189000", "dividendPayout": "0", "stockSaleAndPurchase": "25392000", "changeInInventory": "0", "changeInAccountReceivables": "0", "changeInNetIncome": "97175000", "capitalExpenditures": "61048000", "changeInReceivables": "None", "changeInExchangeRate": "-11316000", "changeInCashAndCashEquivalents": "498418000"}, {"fiscalDateEnding": "2016-09-30", "reportedCurrency": "USD", "investments": "68466000", "changeInLiabilities": "86997000", "cashflowFromInvestment": "23976000", "otherCashflowFromInvestment": "-17124000", "netBorrowings": "1000000000", "cashflowFromFinancing": "16639000", "otherCashflowFromFinancing": "12820000", "changeInOperatingActivities": "-815000", "netIncome": "51517000", "changeInCash": "-421326000", "operatingCashflow": "-461941000", "otherOperatingCashflow": "-1199503000", "depreciation": "14410000", "dividendPayout": "0", "stockSaleAndPurchase": "3819000", "changeInInventory": "0", "changeInAccountReceivables": "0", "changeInNetIncome": "584638000", "capitalExpenditures": "27366000", "changeInReceivables": "None", "changeInExchangeRate": "-441000", "changeInCashAndCashEquivalents": "-421767000"}, {"fiscalDateEnding": "2016-06-30", "reportedCurrency": "USD", "investments": "24935000", "changeInLiabilities": "33647000", "cashflowFromInvestment": "-2896000", "otherCashflowFromInvestment": "-17017000", "netBorrowings": "1000000000", "cashflowFromFinancing": "17612000", "otherCashflowFromFinancing": "13380000", "changeInOperatingActivities": "21088000", "netIncome": "40755000", "changeInCash": "-211577000", "operatingCashflow": "-226293000", "otherOperatingCashflow": "-575296000", "depreciation": "14131000", "dividendPayout": "0", "stockSaleAndPurchase": "4232000", "changeInInventory": "0", "changeInAccountReceivables": "0", "changeInNetIncome": "260470000", "capitalExpenditures": "10814000", "changeInReceivables": "None", "changeInExchangeRate": "-2742000", "changeInCashAndCashEquivalents": "-214319000"}, {"fiscalDateEnding": "2016-03-31", "reportedCurrency": "USD", "investments": "36251000", "changeInLiabilities": "48836000", "cashflowFromInvestment": "4263000", "otherCashflowFromInvestment": "-23563000", "netBorrowings": "None", "cashflowFromFinancing": "14907000", "otherCashflowFromFinancing": "11371000", "changeInOperatingActivities": "None", "netIncome": "27658000", "changeInCash": "-209420000", "operatingCashflow": "-228590000", "otherOperatingCashflow": "-1252865000", "depreciation": "14798000", "dividendPayout": "0", "stockSaleAndPurchase": "3536000", "changeInInventory": "0", "changeInAccountReceivables": "0", "changeInNetIncome": "932983000", "capitalExpenditures": "8425000", "changeInReceivables": "None", "changeInExchangeRate": "5334000", "changeInCashAndCashEquivalents": "-204086000"}, {"fiscalDateEnding": "2015-12-31", "reportedCurrency": "USD", "investments": "362745000", "changeInLiabilities": "26394000", "cashflowFromInvestment": "-40561000", "otherCashflowFromInvestment": "-390452000", "netBorrowings": "54000", "cashflowFromFinancing": "-17458000", "otherCashflowFromFinancing": "-25683000", "changeInOperatingActivities": "49137000", "netIncome": "43178000", "changeInCash": "-302764000", "operatingCashflow": "-244745000", "otherOperatingCashflow": "-2341845000", "depreciation": "-2488620000", "dividendPayout": "0", "stockSaleAndPurchase": "8171000", "changeInInventory": "0", "changeInAccountReceivables": "0", "changeInNetIncome": "4516148000", "capitalExpenditures": "12854000", "changeInReceivables": "None", "changeInExchangeRate": "-3343000", "changeInCashAndCashEquivalents": "-306107000"}]}